id,open,high,low,close,effective_datetime,ticker,effective_date
2512128,5428.700000,5432.790000,5428.700000,5429.850000,"2024-07-25 13:30:00.000000",SPX,2024-07-25
2512130,5428.700000,5432.790000,5428.700000,5429.850000,"2024-07-25 13:30:00.000000",SPX,2024-07-25
2512131,5429.630000,5431.920000,5426.960000,5427.370000,"2024-07-25 13:31:00.000000",SPX,2024-07-25
2512133,5429.630000,5431.920000,5426.960000,5427.370000,"2024-07-25 13:31:00.000000",SPX,2024-07-25
2512134,5427.120000,5428.780000,5425.970000,5427.300000,"2024-07-25 13:32:00.000000",SPX,2024-07-25
2512137,5427.120000,5428.780000,5425.970000,5427.300000,"2024-07-25 13:32:00.000000",SPX,2024-07-25
2512138,5427.120000,5427.280000,5422.810000,5423.920000,"2024-07-25 13:33:00.000000",SPX,2024-07-25
2512141,5427.120000,5427.280000,5422.810000,5423.920000,"2024-07-25 13:33:00.000000",SPX,2024-07-25
2512142,5424.070000,5424.600000,5421.640000,5424.030000,"2024-07-25 13:34:00.000000",SPX,2024-07-25
2512145,5424.070000,5424.600000,5421.640000,5424.030000,"2024-07-25 13:34:00.000000",SPX,2024-07-25
2512146,5423.720000,5425.340000,5418.880000,5419.530000,"2024-07-25 13:35:00.000000",SPX,2024-07-25
2512149,5423.720000,5425.340000,5418.880000,5419.530000,"2024-07-25 13:35:00.000000",SPX,2024-07-25
2512150,5419.800000,5422.480000,5418.980000,5420.010000,"2024-07-25 13:36:00.000000",SPX,2024-07-25
2512153,5419.800000,5422.480000,5418.980000,5420.010000,"2024-07-25 13:36:00.000000",SPX,2024-07-25
2512154,5420.620000,5426.710000,5420.620000,5424.930000,"2024-07-25 13:37:00.000000",SPX,2024-07-25
2512157,5420.620000,5426.710000,5420.620000,5424.930000,"2024-07-25 13:37:00.000000",SPX,2024-07-25
2512158,5424.710000,5424.710000,5419.770000,5419.770000,"2024-07-25 13:38:00.000000",SPX,2024-07-25
2512161,5424.710000,5424.710000,5419.770000,5419.770000,"2024-07-25 13:38:00.000000",SPX,2024-07-25
2512162,5419.940000,5423.540000,5418.370000,5420.950000,"2024-07-25 13:39:00.000000",SPX,2024-07-25
2512165,5419.940000,5423.540000,5418.370000,5420.950000,"2024-07-25 13:39:00.000000",SPX,2024-07-25
2512166,5420.990000,5426.300000,5419.480000,5425.120000,"2024-07-25 13:40:00.000000",SPX,2024-07-25
2512169,5420.990000,5426.300000,5419.480000,5425.120000,"2024-07-25 13:40:00.000000",SPX,2024-07-25
2512170,5425.560000,5430.340000,5425.310000,5430.230000,"2024-07-25 13:41:00.000000",SPX,2024-07-25
2512173,5425.560000,5430.340000,5425.310000,5430.230000,"2024-07-25 13:41:00.000000",SPX,2024-07-25
2512174,5429.990000,5432.020000,5428.160000,5430.160000,"2024-07-25 13:42:00.000000",SPX,2024-07-25
2512177,5429.990000,5432.020000,5428.160000,5430.160000,"2024-07-25 13:42:00.000000",SPX,2024-07-25
2512178,5430.210000,5430.670000,5427.500000,5427.930000,"2024-07-25 13:43:00.000000",SPX,2024-07-25
2512181,5430.210000,5430.670000,5427.500000,5427.930000,"2024-07-25 13:43:00.000000",SPX,2024-07-25
2512182,5428.520000,5428.520000,5424.960000,5425.760000,"2024-07-25 13:44:00.000000",SPX,2024-07-25
2512185,5428.520000,5428.520000,5424.960000,5425.760000,"2024-07-25 13:44:00.000000",SPX,2024-07-25
2512186,5425.350000,5429.580000,5424.570000,5425.750000,"2024-07-25 13:45:00.000000",SPX,2024-07-25
2512189,5425.350000,5429.580000,5424.570000,5425.750000,"2024-07-25 13:45:00.000000",SPX,2024-07-25
2512190,5425.250000,5426.340000,5422.140000,5422.620000,"2024-07-25 13:46:00.000000",SPX,2024-07-25
2512193,5425.250000,5426.340000,5422.140000,5422.620000,"2024-07-25 13:46:00.000000",SPX,2024-07-25
2512194,5422.380000,5426.010000,5420.330000,5425.700000,"2024-07-25 13:47:00.000000",SPX,2024-07-25
2512197,5422.380000,5426.010000,5420.330000,5425.700000,"2024-07-25 13:47:00.000000",SPX,2024-07-25
2512198,5425.520000,5425.790000,5419.710000,5420.360000,"2024-07-25 13:48:00.000000",SPX,2024-07-25
2512201,5425.520000,5425.790000,5419.710000,5420.360000,"2024-07-25 13:48:00.000000",SPX,2024-07-25
2512202,5420.560000,5425.950000,5419.980000,5425.130000,"2024-07-25 13:49:00.000000",SPX,2024-07-25
2512205,5420.560000,5425.950000,5419.980000,5425.130000,"2024-07-25 13:49:00.000000",SPX,2024-07-25
2512206,5424.880000,5427.000000,5423.830000,5425.130000,"2024-07-25 13:50:00.000000",SPX,2024-07-25
2512209,5424.880000,5427.000000,5423.830000,5425.130000,"2024-07-25 13:50:00.000000",SPX,2024-07-25
2512210,5424.750000,5427.710000,5424.210000,5426.900000,"2024-07-25 13:51:00.000000",SPX,2024-07-25
2512213,5424.750000,5427.710000,5424.210000,5426.900000,"2024-07-25 13:51:00.000000",SPX,2024-07-25
2512214,5426.820000,5426.820000,5423.410000,5425.080000,"2024-07-25 13:52:00.000000",SPX,2024-07-25
2512217,5426.820000,5426.820000,5423.410000,5425.080000,"2024-07-25 13:52:00.000000",SPX,2024-07-25
2512218,5424.600000,5425.620000,5423.170000,5423.700000,"2024-07-25 13:53:00.000000",SPX,2024-07-25
2512221,5424.600000,5425.620000,5423.170000,5423.700000,"2024-07-25 13:53:00.000000",SPX,2024-07-25
2512222,5424.120000,5424.970000,5421.010000,5423.670000,"2024-07-25 13:54:00.000000",SPX,2024-07-25
2512225,5424.120000,5424.970000,5421.010000,5423.670000,"2024-07-25 13:54:00.000000",SPX,2024-07-25
2512226,5423.880000,5425.000000,5422.350000,5423.270000,"2024-07-25 13:55:00.000000",SPX,2024-07-25
2512229,5423.880000,5425.000000,5422.350000,5423.270000,"2024-07-25 13:55:00.000000",SPX,2024-07-25
2512230,5422.880000,5423.940000,5421.710000,5421.710000,"2024-07-25 13:56:00.000000",SPX,2024-07-25
2512233,5422.880000,5423.940000,5421.710000,5421.710000,"2024-07-25 13:56:00.000000",SPX,2024-07-25
2512234,5421.670000,5422.300000,5416.040000,5416.050000,"2024-07-25 13:57:00.000000",SPX,2024-07-25
2512237,5421.670000,5422.300000,5416.040000,5416.050000,"2024-07-25 13:57:00.000000",SPX,2024-07-25
2512238,5415.770000,5416.520000,5411.880000,5413.080000,"2024-07-25 13:58:00.000000",SPX,2024-07-25
2512241,5415.770000,5416.520000,5411.880000,5413.080000,"2024-07-25 13:58:00.000000",SPX,2024-07-25
2512243,5415.770000,5416.520000,5411.880000,5413.080000,"2024-07-25 13:58:00.000000",SPX,2024-07-25
2512244,5413.450000,5417.660000,5413.110000,5415.890000,"2024-07-25 13:59:00.000000",SPX,2024-07-25
2512247,5413.450000,5417.660000,5413.110000,5415.890000,"2024-07-25 13:59:00.000000",SPX,2024-07-25
2512248,5415.190000,5415.190000,5408.880000,5409.210000,"2024-07-25 14:00:00.000000",SPX,2024-07-25
2512251,5415.190000,5415.190000,5408.880000,5409.210000,"2024-07-25 14:00:00.000000",SPX,2024-07-25
2512252,5408.870000,5412.420000,5407.390000,5408.250000,"2024-07-25 14:01:00.000000",SPX,2024-07-25
2512255,5408.870000,5412.420000,5407.390000,5408.250000,"2024-07-25 14:01:00.000000",SPX,2024-07-25
2512256,5408.330000,5408.510000,5402.450000,5402.820000,"2024-07-25 14:02:00.000000",SPX,2024-07-25
2512259,5408.330000,5408.510000,5402.450000,5402.820000,"2024-07-25 14:02:00.000000",SPX,2024-07-25
2512260,5403.940000,5403.940000,5399.650000,5400.320000,"2024-07-25 14:03:00.000000",SPX,2024-07-25
2512263,5403.940000,5403.940000,5399.650000,5400.320000,"2024-07-25 14:03:00.000000",SPX,2024-07-25
2512264,5399.630000,5402.560000,5399.610000,5402.020000,"2024-07-25 14:04:00.000000",SPX,2024-07-25
2512267,5399.630000,5402.560000,5399.610000,5402.020000,"2024-07-25 14:04:00.000000",SPX,2024-07-25
2512268,5401.950000,5408.100000,5401.290000,5404.490000,"2024-07-25 14:05:00.000000",SPX,2024-07-25
2512271,5401.950000,5408.100000,5401.290000,5404.490000,"2024-07-25 14:05:00.000000",SPX,2024-07-25
2512272,5404.430000,5404.430000,5401.680000,5403.730000,"2024-07-25 14:06:00.000000",SPX,2024-07-25
2512275,5404.430000,5404.430000,5401.680000,5403.730000,"2024-07-25 14:06:00.000000",SPX,2024-07-25
2512276,5403.230000,5404.200000,5401.840000,5403.450000,"2024-07-25 14:07:00.000000",SPX,2024-07-25
2512279,5403.230000,5404.200000,5401.840000,5403.450000,"2024-07-25 14:07:00.000000",SPX,2024-07-25
2512280,5402.980000,5403.130000,5397.800000,5397.890000,"2024-07-25 14:08:00.000000",SPX,2024-07-25
2512283,5402.980000,5403.130000,5397.800000,5397.890000,"2024-07-25 14:08:00.000000",SPX,2024-07-25
2512284,5397.920000,5398.950000,5393.270000,5396.370000,"2024-07-25 14:09:00.000000",SPX,2024-07-25
2512287,5397.920000,5398.950000,5393.270000,5396.370000,"2024-07-25 14:09:00.000000",SPX,2024-07-25
2512288,5395.890000,5397.600000,5394.620000,5395.310000,"2024-07-25 14:10:00.000000",SPX,2024-07-25
2512291,5395.890000,5397.600000,5394.620000,5395.310000,"2024-07-25 14:10:00.000000",SPX,2024-07-25
2512292,5395.100000,5395.820000,5392.660000,5394.250000,"2024-07-25 14:11:00.000000",SPX,2024-07-25
2512295,5395.100000,5395.820000,5392.660000,5394.250000,"2024-07-25 14:11:00.000000",SPX,2024-07-25
2512296,5393.660000,5397.870000,5393.420000,5393.420000,"2024-07-25 14:12:00.000000",SPX,2024-07-25
2512297,5393.330000,5395.070000,5390.950000,5391.120000,"2024-07-25 14:13:00.000000",SPX,2024-07-25
2512301,5393.330000,5395.070000,5390.950000,5391.120000,"2024-07-25 14:13:00.000000",SPX,2024-07-25
2512303,5393.330000,5395.070000,5390.950000,5391.120000,"2024-07-25 14:13:00.000000",SPX,2024-07-25
2512304,5391.920000,5397.440000,5391.280000,5397.270000,"2024-07-25 14:14:00.000000",SPX,2024-07-25
2512307,5391.920000,5397.440000,5391.280000,5397.270000,"2024-07-25 14:14:00.000000",SPX,2024-07-25
2512308,5397.480000,5402.890000,5396.690000,5400.740000,"2024-07-25 14:15:00.000000",SPX,2024-07-25
2512311,5397.480000,5402.890000,5396.690000,5400.740000,"2024-07-25 14:15:00.000000",SPX,2024-07-25
2512312,5401.170000,5409.200000,5401.070000,5409.200000,"2024-07-25 14:16:00.000000",SPX,2024-07-25
2512315,5401.170000,5409.200000,5401.070000,5409.200000,"2024-07-25 14:16:00.000000",SPX,2024-07-25
2512316,5408.970000,5410.510000,5405.740000,5405.740000,"2024-07-25 14:17:00.000000",SPX,2024-07-25
2512319,5408.970000,5410.510000,5405.740000,5405.740000,"2024-07-25 14:17:00.000000",SPX,2024-07-25
2512320,5405.290000,5407.390000,5404.220000,5404.670000,"2024-07-25 14:18:00.000000",SPX,2024-07-25
2512323,5405.290000,5407.390000,5404.220000,5404.670000,"2024-07-25 14:18:00.000000",SPX,2024-07-25
2512324,5404.700000,5412.580000,5404.380000,5411.670000,"2024-07-25 14:19:00.000000",SPX,2024-07-25
2512327,5404.700000,5412.580000,5404.380000,5411.670000,"2024-07-25 14:19:00.000000",SPX,2024-07-25
2512328,5411.830000,5411.830000,5408.230000,5410.060000,"2024-07-25 14:20:00.000000",SPX,2024-07-25
2512331,5411.830000,5411.830000,5408.230000,5410.060000,"2024-07-25 14:20:00.000000",SPX,2024-07-25
2512332,5410.240000,5411.750000,5408.500000,5411.150000,"2024-07-25 14:21:00.000000",SPX,2024-07-25
2512335,5410.240000,5411.750000,5408.500000,5411.150000,"2024-07-25 14:21:00.000000",SPX,2024-07-25
2512336,5411.220000,5411.720000,5406.370000,5408.420000,"2024-07-25 14:22:00.000000",SPX,2024-07-25
2512339,5411.220000,5411.720000,5406.370000,5408.420000,"2024-07-25 14:22:00.000000",SPX,2024-07-25
2512340,5408.370000,5414.250000,5408.370000,5414.030000,"2024-07-25 14:23:00.000000",SPX,2024-07-25
2512343,5408.370000,5414.250000,5408.370000,5414.030000,"2024-07-25 14:23:00.000000",SPX,2024-07-25
2512344,5413.940000,5418.120000,5413.130000,5418.120000,"2024-07-25 14:24:00.000000",SPX,2024-07-25
2512347,5413.940000,5418.120000,5413.130000,5418.120000,"2024-07-25 14:24:00.000000",SPX,2024-07-25
2512348,5418.250000,5420.130000,5417.430000,5419.160000,"2024-07-25 14:25:00.000000",SPX,2024-07-25
2512351,5418.250000,5420.130000,5417.430000,5419.160000,"2024-07-25 14:25:00.000000",SPX,2024-07-25
2512352,5419.130000,5419.130000,5414.450000,5417.500000,"2024-07-25 14:26:00.000000",SPX,2024-07-25
2512355,5419.130000,5419.130000,5414.450000,5417.500000,"2024-07-25 14:26:00.000000",SPX,2024-07-25
2512356,5417.210000,5420.130000,5416.640000,5419.820000,"2024-07-25 14:27:00.000000",SPX,2024-07-25
2512359,5417.210000,5420.130000,5416.640000,5419.820000,"2024-07-25 14:27:00.000000",SPX,2024-07-25
2512360,5419.860000,5420.830000,5417.750000,5419.090000,"2024-07-25 14:28:00.000000",SPX,2024-07-25
2512363,5419.860000,5420.830000,5417.750000,5419.090000,"2024-07-25 14:28:00.000000",SPX,2024-07-25
2512364,5419.620000,5424.380000,5418.380000,5423.510000,"2024-07-25 14:29:00.000000",SPX,2024-07-25
2512367,5419.620000,5424.380000,5418.380000,5423.510000,"2024-07-25 14:29:00.000000",SPX,2024-07-25
2512368,5423.410000,5423.500000,5420.120000,5423.500000,"2024-07-25 14:30:00.000000",SPX,2024-07-25
2512371,5423.410000,5423.500000,5420.120000,5423.500000,"2024-07-25 14:30:00.000000",SPX,2024-07-25
2512372,5423.990000,5425.180000,5422.190000,5423.310000,"2024-07-25 14:31:00.000000",SPX,2024-07-25
2512375,5423.990000,5425.180000,5422.190000,5423.310000,"2024-07-25 14:31:00.000000",SPX,2024-07-25
2512376,5423.600000,5423.780000,5421.370000,5422.740000,"2024-07-25 14:32:00.000000",SPX,2024-07-25
2512379,5423.600000,5423.780000,5421.370000,5422.740000,"2024-07-25 14:32:00.000000",SPX,2024-07-25
2512380,5422.720000,5423.090000,5417.290000,5417.290000,"2024-07-25 14:33:00.000000",SPX,2024-07-25
2512383,5422.720000,5423.090000,5417.290000,5417.290000,"2024-07-25 14:33:00.000000",SPX,2024-07-25
2512384,5416.990000,5424.550000,5416.990000,5424.150000,"2024-07-25 14:34:00.000000",SPX,2024-07-25
2512387,5416.990000,5424.550000,5416.990000,5424.150000,"2024-07-25 14:34:00.000000",SPX,2024-07-25
2512388,5424.340000,5424.610000,5422.600000,5424.020000,"2024-07-25 14:35:00.000000",SPX,2024-07-25
2512392,5423.760000,5426.870000,5423.440000,5426.060000,"2024-07-25 14:36:00.000000",SPX,2024-07-25
2512394,5423.760000,5426.870000,5423.440000,5426.060000,"2024-07-25 14:36:00.000000",SPX,2024-07-25
2512395,5426.170000,5427.390000,5423.260000,5423.260000,"2024-07-25 14:37:00.000000",SPX,2024-07-25
2512398,5426.170000,5427.390000,5423.260000,5423.260000,"2024-07-25 14:37:00.000000",SPX,2024-07-25
2512399,5423.160000,5426.710000,5422.750000,5426.440000,"2024-07-25 14:38:00.000000",SPX,2024-07-25
2512402,5423.160000,5426.710000,5422.750000,5426.440000,"2024-07-25 14:38:00.000000",SPX,2024-07-25
2512403,5426.330000,5426.330000,5423.830000,5424.030000,"2024-07-25 14:39:00.000000",SPX,2024-07-25
2512406,5426.330000,5426.330000,5423.830000,5424.030000,"2024-07-25 14:39:00.000000",SPX,2024-07-25
2512407,5423.770000,5423.770000,5420.460000,5422.660000,"2024-07-25 14:40:00.000000",SPX,2024-07-25
2512410,5423.770000,5423.770000,5420.460000,5422.660000,"2024-07-25 14:40:00.000000",SPX,2024-07-25
2512411,5422.730000,5426.460000,5422.130000,5423.890000,"2024-07-25 14:41:00.000000",SPX,2024-07-25
2512414,5422.730000,5426.460000,5422.130000,5423.890000,"2024-07-25 14:41:00.000000",SPX,2024-07-25
2512415,5423.830000,5426.570000,5421.950000,5426.220000,"2024-07-25 14:42:00.000000",SPX,2024-07-25
2512418,5423.830000,5426.570000,5421.950000,5426.220000,"2024-07-25 14:42:00.000000",SPX,2024-07-25
2512419,5425.910000,5429.930000,5425.040000,5429.850000,"2024-07-25 14:43:00.000000",SPX,2024-07-25
2512422,5425.910000,5429.930000,5425.040000,5429.850000,"2024-07-25 14:43:00.000000",SPX,2024-07-25
2512423,5429.920000,5430.790000,5428.300000,5430.310000,"2024-07-25 14:44:00.000000",SPX,2024-07-25
2512426,5429.920000,5430.790000,5428.300000,5430.310000,"2024-07-25 14:44:00.000000",SPX,2024-07-25
2512427,5430.470000,5433.170000,5430.130000,5433.170000,"2024-07-25 14:45:00.000000",SPX,2024-07-25
2512430,5430.470000,5433.170000,5430.130000,5433.170000,"2024-07-25 14:45:00.000000",SPX,2024-07-25
2512431,5433.020000,5433.650000,5430.660000,5430.660000,"2024-07-25 14:46:00.000000",SPX,2024-07-25
2512434,5433.020000,5433.650000,5430.660000,5430.660000,"2024-07-25 14:46:00.000000",SPX,2024-07-25
2512435,5430.630000,5431.060000,5427.810000,5430.840000,"2024-07-25 14:47:00.000000",SPX,2024-07-25
2512438,5430.630000,5431.060000,5427.810000,5430.840000,"2024-07-25 14:47:00.000000",SPX,2024-07-25
2512439,5430.170000,5430.590000,5427.580000,5428.030000,"2024-07-25 14:48:00.000000",SPX,2024-07-25
2512442,5430.170000,5430.590000,5427.580000,5428.030000,"2024-07-25 14:48:00.000000",SPX,2024-07-25
2512443,5428.040000,5434.670000,5428.040000,5434.670000,"2024-07-25 14:49:00.000000",SPX,2024-07-25
2512446,5428.040000,5434.670000,5428.040000,5434.670000,"2024-07-25 14:49:00.000000",SPX,2024-07-25
2512447,5435.070000,5436.430000,5434.390000,5434.890000,"2024-07-25 14:50:00.000000",SPX,2024-07-25
2512450,5435.070000,5436.430000,5434.390000,5434.890000,"2024-07-25 14:50:00.000000",SPX,2024-07-25
2512451,5434.620000,5436.900000,5434.490000,5435.750000,"2024-07-25 14:51:00.000000",SPX,2024-07-25
2512454,5434.620000,5436.900000,5434.490000,5435.750000,"2024-07-25 14:51:00.000000",SPX,2024-07-25
2512455,5435.770000,5438.480000,5435.770000,5438.290000,"2024-07-25 14:52:00.000000",SPX,2024-07-25
2512458,5435.770000,5438.480000,5435.770000,5438.290000,"2024-07-25 14:52:00.000000",SPX,2024-07-25
2512459,5438.570000,5440.130000,5437.810000,5439.330000,"2024-07-25 14:53:00.000000",SPX,2024-07-25
2512462,5438.570000,5440.130000,5437.810000,5439.330000,"2024-07-25 14:53:00.000000",SPX,2024-07-25
2512463,5439.400000,5441.470000,5438.600000,5438.890000,"2024-07-25 14:54:00.000000",SPX,2024-07-25
2512466,5439.400000,5441.470000,5438.600000,5438.890000,"2024-07-25 14:54:00.000000",SPX,2024-07-25
2512467,5438.210000,5438.440000,5434.330000,5435.320000,"2024-07-25 14:55:00.000000",SPX,2024-07-25
2512470,5438.210000,5438.440000,5434.330000,5435.320000,"2024-07-25 14:55:00.000000",SPX,2024-07-25
2512471,5435.170000,5441.190000,5435.170000,5440.130000,"2024-07-25 14:56:00.000000",SPX,2024-07-25
2512472,5439.930000,5441.100000,5438.900000,5440.830000,"2024-07-25 14:57:00.000000",SPX,2024-07-25
2512476,5439.930000,5441.100000,5438.900000,5440.830000,"2024-07-25 14:57:00.000000",SPX,2024-07-25
2512478,5439.930000,5441.100000,5438.900000,5440.830000,"2024-07-25 14:57:00.000000",SPX,2024-07-25
2512479,5440.800000,5442.560000,5440.160000,5441.130000,"2024-07-25 14:58:00.000000",SPX,2024-07-25
2512482,5440.800000,5442.560000,5440.160000,5441.130000,"2024-07-25 14:58:00.000000",SPX,2024-07-25
2512484,5440.800000,5442.560000,5440.160000,5441.130000,"2024-07-25 14:58:00.000000",SPX,2024-07-25
2512485,5441.090000,5445.810000,5440.440000,5445.610000,"2024-07-25 14:59:00.000000",SPX,2024-07-25
2512488,5441.090000,5445.810000,5440.440000,5445.610000,"2024-07-25 14:59:00.000000",SPX,2024-07-25
2512489,5445.690000,5446.070000,5442.810000,5443.680000,"2024-07-25 15:00:00.000000",SPX,2024-07-25
2512490,5442.940000,5443.710000,5440.280000,5440.790000,"2024-07-25 15:01:00.000000",SPX,2024-07-25
2512494,5442.940000,5443.710000,5440.280000,5440.790000,"2024-07-25 15:01:00.000000",SPX,2024-07-25
2512496,5442.940000,5443.710000,5440.280000,5440.790000,"2024-07-25 15:01:00.000000",SPX,2024-07-25
2512497,5440.750000,5440.820000,5438.200000,5440.790000,"2024-07-25 15:02:00.000000",SPX,2024-07-25
2512500,5440.750000,5440.820000,5438.200000,5440.790000,"2024-07-25 15:02:00.000000",SPX,2024-07-25
2512501,5440.990000,5442.780000,5439.110000,5442.560000,"2024-07-25 15:03:00.000000",SPX,2024-07-25
2512502,5442.470000,5443.340000,5439.290000,5440.650000,"2024-07-25 15:04:00.000000",SPX,2024-07-25
2512506,5442.470000,5443.340000,5439.290000,5440.650000,"2024-07-25 15:04:00.000000",SPX,2024-07-25
2512508,5442.470000,5443.340000,5439.290000,5440.650000,"2024-07-25 15:04:00.000000",SPX,2024-07-25
2512509,5440.420000,5442.230000,5439.120000,5439.860000,"2024-07-25 15:05:00.000000",SPX,2024-07-25
2512512,5440.420000,5442.230000,5439.120000,5439.860000,"2024-07-25 15:05:00.000000",SPX,2024-07-25
2512513,5440.050000,5441.640000,5438.700000,5440.630000,"2024-07-25 15:06:00.000000",SPX,2024-07-25
2512514,5440.530000,5444.540000,5440.150000,5443.560000,"2024-07-25 15:07:00.000000",SPX,2024-07-25
2512518,5440.530000,5444.540000,5440.150000,5443.560000,"2024-07-25 15:07:00.000000",SPX,2024-07-25
2512519,5443.800000,5444.060000,5442.470000,5443.170000,"2024-07-25 15:08:00.000000",SPX,2024-07-25
2512522,5443.800000,5444.060000,5442.470000,5443.170000,"2024-07-25 15:08:00.000000",SPX,2024-07-25
2512523,5443.130000,5443.890000,5441.980000,5442.520000,"2024-07-25 15:09:00.000000",SPX,2024-07-25
2512526,5443.130000,5443.890000,5441.980000,5442.520000,"2024-07-25 15:09:00.000000",SPX,2024-07-25
2512527,5442.500000,5444.090000,5442.370000,5443.740000,"2024-07-25 15:10:00.000000",SPX,2024-07-25
2512530,5442.500000,5444.090000,5442.370000,5443.740000,"2024-07-25 15:10:00.000000",SPX,2024-07-25
2512533,5443.580000,5448.730000,5442.220000,5448.590000,"2024-07-25 15:11:00.000000",SPX,2024-07-25
2512534,5448.610000,5452.350000,5448.610000,5452.350000,"2024-07-25 15:12:00.000000",SPX,2024-07-25
2512537,5448.610000,5452.350000,5448.610000,5452.350000,"2024-07-25 15:12:00.000000",SPX,2024-07-25
2512538,5452.460000,5455.460000,5452.370000,5455.370000,"2024-07-25 15:13:00.000000",SPX,2024-07-25
2512541,5452.460000,5455.460000,5452.370000,5455.370000,"2024-07-25 15:13:00.000000",SPX,2024-07-25
2512542,5455.330000,5456.150000,5453.560000,5455.950000,"2024-07-25 15:14:00.000000",SPX,2024-07-25
2512545,5455.330000,5456.150000,5453.560000,5455.950000,"2024-07-25 15:14:00.000000",SPX,2024-07-25
2512546,5455.650000,5458.190000,5455.100000,5458.190000,"2024-07-25 15:15:00.000000",SPX,2024-07-25
2512549,5455.650000,5458.190000,5455.100000,5458.190000,"2024-07-25 15:15:00.000000",SPX,2024-07-25
2512550,5458.120000,5458.810000,5457.190000,5458.810000,"2024-07-25 15:16:00.000000",SPX,2024-07-25
2512553,5458.120000,5458.810000,5457.190000,5458.810000,"2024-07-25 15:16:00.000000",SPX,2024-07-25
2512554,5458.950000,5462.640000,5458.950000,5462.640000,"2024-07-25 15:17:00.000000",SPX,2024-07-25
2512557,5458.950000,5462.640000,5458.950000,5462.640000,"2024-07-25 15:17:00.000000",SPX,2024-07-25
2512558,5462.760000,5463.600000,5461.430000,5462.740000,"2024-07-25 15:18:00.000000",SPX,2024-07-25
2512561,5462.760000,5463.600000,5461.430000,5462.740000,"2024-07-25 15:18:00.000000",SPX,2024-07-25
2512562,5462.550000,5462.900000,5457.400000,5457.400000,"2024-07-25 15:19:00.000000",SPX,2024-07-25
2512565,5462.550000,5462.900000,5457.400000,5457.400000,"2024-07-25 15:19:00.000000",SPX,2024-07-25
2512566,5456.660000,5456.720000,5453.630000,5453.650000,"2024-07-25 15:20:00.000000",SPX,2024-07-25
2512569,5456.660000,5456.720000,5453.630000,5453.650000,"2024-07-25 15:20:00.000000",SPX,2024-07-25
2512570,5453.860000,5453.930000,5450.200000,5451.780000,"2024-07-25 15:21:00.000000",SPX,2024-07-25
2512573,5453.860000,5453.930000,5450.200000,5451.780000,"2024-07-25 15:21:00.000000",SPX,2024-07-25
2512574,5451.690000,5454.440000,5451.640000,5453.230000,"2024-07-25 15:22:00.000000",SPX,2024-07-25
2512577,5451.690000,5454.440000,5451.640000,5453.230000,"2024-07-25 15:22:00.000000",SPX,2024-07-25
2512578,5453.110000,5453.870000,5448.670000,5449.010000,"2024-07-25 15:23:00.000000",SPX,2024-07-25
2512581,5453.110000,5453.870000,5448.670000,5449.010000,"2024-07-25 15:23:00.000000",SPX,2024-07-25
2512582,5449.160000,5452.260000,5449.090000,5452.260000,"2024-07-25 15:24:00.000000",SPX,2024-07-25
2512585,5449.160000,5452.260000,5449.090000,5452.260000,"2024-07-25 15:24:00.000000",SPX,2024-07-25
2512586,5452.390000,5452.390000,5448.930000,5449.290000,"2024-07-25 15:25:00.000000",SPX,2024-07-25
2512589,5452.390000,5452.390000,5448.930000,5449.290000,"2024-07-25 15:25:00.000000",SPX,2024-07-25
2512590,5449.630000,5451.450000,5448.940000,5450.100000,"2024-07-25 15:26:00.000000",SPX,2024-07-25
2512593,5449.630000,5451.450000,5448.940000,5450.100000,"2024-07-25 15:26:00.000000",SPX,2024-07-25
2512594,5450.050000,5450.890000,5448.270000,5448.320000,"2024-07-25 15:27:00.000000",SPX,2024-07-25
2512597,5450.050000,5450.890000,5448.270000,5448.320000,"2024-07-25 15:27:00.000000",SPX,2024-07-25
2512598,5448.130000,5449.400000,5446.940000,5448.190000,"2024-07-25 15:28:00.000000",SPX,2024-07-25
2512601,5448.130000,5449.400000,5446.940000,5448.190000,"2024-07-25 15:28:00.000000",SPX,2024-07-25
2512602,5448.310000,5450.120000,5448.310000,5449.850000,"2024-07-25 15:29:00.000000",SPX,2024-07-25
2512605,5448.310000,5450.120000,5448.310000,5449.850000,"2024-07-25 15:29:00.000000",SPX,2024-07-25
2512606,5449.750000,5451.030000,5447.410000,5447.460000,"2024-07-25 15:30:00.000000",SPX,2024-07-25
2512609,5449.750000,5451.030000,5447.410000,5447.460000,"2024-07-25 15:30:00.000000",SPX,2024-07-25
2512610,5447.200000,5448.280000,5444.040000,5446.150000,"2024-07-25 15:31:00.000000",SPX,2024-07-25
2512613,5447.200000,5448.280000,5444.040000,5446.150000,"2024-07-25 15:31:00.000000",SPX,2024-07-25
2512614,5446.090000,5446.950000,5445.390000,5446.870000,"2024-07-25 15:32:00.000000",SPX,2024-07-25
2512617,5446.090000,5446.950000,5445.390000,5446.870000,"2024-07-25 15:32:00.000000",SPX,2024-07-25
2512618,5447.120000,5450.260000,5446.620000,5450.140000,"2024-07-25 15:33:00.000000",SPX,2024-07-25
2512621,5447.120000,5450.260000,5446.620000,5450.140000,"2024-07-25 15:33:00.000000",SPX,2024-07-25
2512622,5450.380000,5450.850000,5448.880000,5449.600000,"2024-07-25 15:34:00.000000",SPX,2024-07-25
2512625,5450.380000,5450.850000,5448.880000,5449.600000,"2024-07-25 15:34:00.000000",SPX,2024-07-25
2512626,5449.570000,5449.710000,5448.490000,5449.460000,"2024-07-25 15:35:00.000000",SPX,2024-07-25
2512629,5449.570000,5449.710000,5448.490000,5449.460000,"2024-07-25 15:35:00.000000",SPX,2024-07-25
2512630,5449.330000,5450.690000,5447.570000,5447.690000,"2024-07-25 15:36:00.000000",SPX,2024-07-25
2512633,5449.330000,5450.690000,5447.570000,5447.690000,"2024-07-25 15:36:00.000000",SPX,2024-07-25
2512634,5447.530000,5448.490000,5445.510000,5445.510000,"2024-07-25 15:37:00.000000",SPX,2024-07-25
2512637,5447.530000,5448.490000,5445.510000,5445.510000,"2024-07-25 15:37:00.000000",SPX,2024-07-25
2512638,5445.440000,5449.270000,5445.250000,5448.940000,"2024-07-25 15:38:00.000000",SPX,2024-07-25
2512641,5445.440000,5449.270000,5445.250000,5448.940000,"2024-07-25 15:38:00.000000",SPX,2024-07-25
2512642,5449.020000,5451.720000,5449.020000,5451.680000,"2024-07-25 15:39:00.000000",SPX,2024-07-25
2512645,5449.020000,5451.720000,5449.020000,5451.680000,"2024-07-25 15:39:00.000000",SPX,2024-07-25
2512646,5451.740000,5451.740000,5448.720000,5448.950000,"2024-07-25 15:40:00.000000",SPX,2024-07-25
2512649,5451.740000,5451.740000,5448.720000,5448.950000,"2024-07-25 15:40:00.000000",SPX,2024-07-25
2512650,5448.960000,5448.960000,5444.820000,5444.870000,"2024-07-25 15:41:00.000000",SPX,2024-07-25
2512653,5448.960000,5448.960000,5444.820000,5444.870000,"2024-07-25 15:41:00.000000",SPX,2024-07-25
2512654,5444.590000,5444.590000,5441.190000,5442.070000,"2024-07-25 15:42:00.000000",SPX,2024-07-25
2512657,5444.590000,5444.590000,5441.190000,5442.070000,"2024-07-25 15:42:00.000000",SPX,2024-07-25
2512658,5441.810000,5444.150000,5441.010000,5443.190000,"2024-07-25 15:43:00.000000",SPX,2024-07-25
2512661,5441.810000,5444.150000,5441.010000,5443.190000,"2024-07-25 15:43:00.000000",SPX,2024-07-25
2512662,5443.200000,5445.900000,5441.540000,5445.900000,"2024-07-25 15:44:00.000000",SPX,2024-07-25
2512665,5443.200000,5445.900000,5441.540000,5445.900000,"2024-07-25 15:44:00.000000",SPX,2024-07-25
2512666,5445.940000,5447.000000,5444.870000,5446.720000,"2024-07-25 15:45:00.000000",SPX,2024-07-25
2512669,5445.940000,5447.000000,5444.870000,5446.720000,"2024-07-25 15:45:00.000000",SPX,2024-07-25
2512670,5446.820000,5449.830000,5446.460000,5449.830000,"2024-07-25 15:46:00.000000",SPX,2024-07-25
2512673,5446.820000,5449.830000,5446.460000,5449.830000,"2024-07-25 15:46:00.000000",SPX,2024-07-25
2512674,5449.820000,5450.760000,5447.880000,5449.600000,"2024-07-25 15:47:00.000000",SPX,2024-07-25
2512677,5449.820000,5450.760000,5447.880000,5449.600000,"2024-07-25 15:47:00.000000",SPX,2024-07-25
2512678,5450.070000,5450.720000,5447.480000,5447.600000,"2024-07-25 15:48:00.000000",SPX,2024-07-25
2512681,5450.070000,5450.720000,5447.480000,5447.600000,"2024-07-25 15:48:00.000000",SPX,2024-07-25
2512682,5447.540000,5448.580000,5446.120000,5446.120000,"2024-07-25 15:49:00.000000",SPX,2024-07-25
2512685,5447.540000,5448.580000,5446.120000,5446.120000,"2024-07-25 15:49:00.000000",SPX,2024-07-25
2512686,5445.920000,5450.470000,5445.800000,5450.450000,"2024-07-25 15:50:00.000000",SPX,2024-07-25
2512689,5445.920000,5450.470000,5445.800000,5450.450000,"2024-07-25 15:50:00.000000",SPX,2024-07-25
2512690,5450.570000,5451.690000,5449.670000,5450.620000,"2024-07-25 15:51:00.000000",SPX,2024-07-25
2512693,5450.570000,5451.690000,5449.670000,5450.620000,"2024-07-25 15:51:00.000000",SPX,2024-07-25
2512694,5450.630000,5452.420000,5450.450000,5450.700000,"2024-07-25 15:52:00.000000",SPX,2024-07-25
2512697,5450.630000,5452.420000,5450.450000,5450.700000,"2024-07-25 15:52:00.000000",SPX,2024-07-25
2512698,5450.270000,5451.270000,5449.240000,5450.870000,"2024-07-25 15:53:00.000000",SPX,2024-07-25
2512701,5450.270000,5451.270000,5449.240000,5450.870000,"2024-07-25 15:53:00.000000",SPX,2024-07-25
2512702,5451.080000,5452.470000,5451.000000,5451.570000,"2024-07-25 15:54:00.000000",SPX,2024-07-25
2512705,5451.080000,5452.470000,5451.000000,5451.570000,"2024-07-25 15:54:00.000000",SPX,2024-07-25
2512706,5451.660000,5451.690000,5449.720000,5450.210000,"2024-07-25 15:55:00.000000",SPX,2024-07-25
2512709,5451.660000,5451.690000,5449.720000,5450.210000,"2024-07-25 15:55:00.000000",SPX,2024-07-25
2512710,5450.230000,5450.720000,5447.440000,5450.420000,"2024-07-25 15:56:00.000000",SPX,2024-07-25
2512713,5450.230000,5450.720000,5447.440000,5450.420000,"2024-07-25 15:56:00.000000",SPX,2024-07-25
2512714,5450.350000,5452.230000,5450.320000,5451.630000,"2024-07-25 15:57:00.000000",SPX,2024-07-25
2512717,5450.350000,5452.230000,5450.320000,5451.630000,"2024-07-25 15:57:00.000000",SPX,2024-07-25
2512718,5451.660000,5451.660000,5450.040000,5451.640000,"2024-07-25 15:58:00.000000",SPX,2024-07-25
2512721,5451.660000,5451.660000,5450.040000,5451.640000,"2024-07-25 15:58:00.000000",SPX,2024-07-25
2512723,5451.660000,5451.660000,5450.040000,5451.640000,"2024-07-25 15:58:00.000000",SPX,2024-07-25
2512724,5451.790000,5456.750000,5451.730000,5456.750000,"2024-07-25 15:59:00.000000",SPX,2024-07-25
2512727,5451.790000,5456.750000,5451.730000,5456.750000,"2024-07-25 15:59:00.000000",SPX,2024-07-25
2512728,5456.730000,5458.460000,5456.030000,5456.170000,"2024-07-25 16:00:00.000000",SPX,2024-07-25
2512731,5456.730000,5458.460000,5456.030000,5456.170000,"2024-07-25 16:00:00.000000",SPX,2024-07-25
2512732,5456.020000,5459.060000,5455.490000,5458.860000,"2024-07-25 16:01:00.000000",SPX,2024-07-25
2512735,5456.020000,5459.060000,5455.490000,5458.860000,"2024-07-25 16:01:00.000000",SPX,2024-07-25
2512736,5459.080000,5460.530000,5457.760000,5460.500000,"2024-07-25 16:02:00.000000",SPX,2024-07-25
2512739,5459.080000,5460.530000,5457.760000,5460.500000,"2024-07-25 16:02:00.000000",SPX,2024-07-25
2512740,5460.620000,5462.240000,5459.880000,5461.800000,"2024-07-25 16:03:00.000000",SPX,2024-07-25
2512743,5460.620000,5462.240000,5459.880000,5461.800000,"2024-07-25 16:03:00.000000",SPX,2024-07-25
2512744,5461.750000,5462.950000,5461.750000,5462.480000,"2024-07-25 16:04:00.000000",SPX,2024-07-25
2512747,5461.750000,5462.950000,5461.750000,5462.480000,"2024-07-25 16:04:00.000000",SPX,2024-07-25
2512748,5462.450000,5462.450000,5460.710000,5460.720000,"2024-07-25 16:05:00.000000",SPX,2024-07-25
2512751,5462.450000,5462.450000,5460.710000,5460.720000,"2024-07-25 16:05:00.000000",SPX,2024-07-25
2512752,5460.650000,5460.650000,5456.980000,5457.330000,"2024-07-25 16:06:00.000000",SPX,2024-07-25
2512755,5460.650000,5460.650000,5456.980000,5457.330000,"2024-07-25 16:06:00.000000",SPX,2024-07-25
2512756,5457.400000,5458.200000,5456.840000,5457.470000,"2024-07-25 16:07:00.000000",SPX,2024-07-25
2512759,5457.400000,5458.200000,5456.840000,5457.470000,"2024-07-25 16:07:00.000000",SPX,2024-07-25
2512760,5457.500000,5457.680000,5453.210000,5453.750000,"2024-07-25 16:08:00.000000",SPX,2024-07-25
2512763,5457.500000,5457.680000,5453.210000,5453.750000,"2024-07-25 16:08:00.000000",SPX,2024-07-25
2512764,5453.740000,5456.970000,5451.040000,5456.970000,"2024-07-25 16:09:00.000000",SPX,2024-07-25
2512767,5453.740000,5456.970000,5451.040000,5456.970000,"2024-07-25 16:09:00.000000",SPX,2024-07-25
2512768,5457.100000,5459.420000,5457.100000,5458.740000,"2024-07-25 16:10:00.000000",SPX,2024-07-25
2512771,5457.100000,5459.420000,5457.100000,5458.740000,"2024-07-25 16:10:00.000000",SPX,2024-07-25
2512772,5458.750000,5460.520000,5458.350000,5458.350000,"2024-07-25 16:11:00.000000",SPX,2024-07-25
2512775,5458.750000,5460.520000,5458.350000,5458.350000,"2024-07-25 16:11:00.000000",SPX,2024-07-25
2512776,5458.580000,5461.060000,5458.580000,5461.060000,"2024-07-25 16:12:00.000000",SPX,2024-07-25
2512779,5458.580000,5461.060000,5458.580000,5461.060000,"2024-07-25 16:12:00.000000",SPX,2024-07-25
2512780,5460.970000,5466.100000,5460.970000,5465.810000,"2024-07-25 16:13:00.000000",SPX,2024-07-25
2512783,5460.970000,5466.100000,5460.970000,5465.810000,"2024-07-25 16:13:00.000000",SPX,2024-07-25
2512784,5465.870000,5467.570000,5464.260000,5467.530000,"2024-07-25 16:14:00.000000",SPX,2024-07-25
2512787,5465.870000,5467.570000,5464.260000,5467.530000,"2024-07-25 16:14:00.000000",SPX,2024-07-25
2512788,5467.650000,5470.430000,5465.660000,5470.350000,"2024-07-25 16:15:00.000000",SPX,2024-07-25
2512791,5467.650000,5470.430000,5465.660000,5470.350000,"2024-07-25 16:15:00.000000",SPX,2024-07-25
2512792,5470.160000,5470.180000,5468.590000,5469.530000,"2024-07-25 16:16:00.000000",SPX,2024-07-25
2512795,5470.160000,5470.180000,5468.590000,5469.530000,"2024-07-25 16:16:00.000000",SPX,2024-07-25
2512796,5469.540000,5472.090000,5468.370000,5472.080000,"2024-07-25 16:17:00.000000",SPX,2024-07-25
2512799,5469.540000,5472.090000,5468.370000,5472.080000,"2024-07-25 16:17:00.000000",SPX,2024-07-25
2512800,5472.650000,5473.630000,5471.660000,5472.790000,"2024-07-25 16:18:00.000000",SPX,2024-07-25
2512803,5472.650000,5473.630000,5471.660000,5472.790000,"2024-07-25 16:18:00.000000",SPX,2024-07-25
2512804,5472.800000,5473.830000,5472.580000,5473.460000,"2024-07-25 16:19:00.000000",SPX,2024-07-25
2512807,5472.800000,5473.830000,5472.580000,5473.460000,"2024-07-25 16:19:00.000000",SPX,2024-07-25
2512808,5473.550000,5473.580000,5471.110000,5472.510000,"2024-07-25 16:20:00.000000",SPX,2024-07-25
2512811,5473.550000,5473.580000,5471.110000,5472.510000,"2024-07-25 16:20:00.000000",SPX,2024-07-25
2512812,5472.480000,5473.940000,5472.130000,5473.940000,"2024-07-25 16:21:00.000000",SPX,2024-07-25
2512815,5472.480000,5473.940000,5472.130000,5473.940000,"2024-07-25 16:21:00.000000",SPX,2024-07-25
2512816,5473.990000,5478.210000,5473.880000,5478.210000,"2024-07-25 16:22:00.000000",SPX,2024-07-25
2512819,5473.990000,5478.210000,5473.880000,5478.210000,"2024-07-25 16:22:00.000000",SPX,2024-07-25
2512820,5478.840000,5479.990000,5477.960000,5478.800000,"2024-07-25 16:23:00.000000",SPX,2024-07-25
2512823,5478.840000,5479.990000,5477.960000,5478.800000,"2024-07-25 16:23:00.000000",SPX,2024-07-25
2512824,5478.470000,5480.710000,5478.400000,5480.010000,"2024-07-25 16:24:00.000000",SPX,2024-07-25
2512827,5478.470000,5480.710000,5478.400000,5480.010000,"2024-07-25 16:24:00.000000",SPX,2024-07-25
2512828,5479.840000,5480.250000,5475.080000,5475.540000,"2024-07-25 16:25:00.000000",SPX,2024-07-25
2512831,5479.840000,5480.250000,5475.080000,5475.540000,"2024-07-25 16:25:00.000000",SPX,2024-07-25
2512832,5475.770000,5477.940000,5475.770000,5477.170000,"2024-07-25 16:26:00.000000",SPX,2024-07-25
2512835,5475.770000,5477.940000,5475.770000,5477.170000,"2024-07-25 16:26:00.000000",SPX,2024-07-25
2512836,5477.310000,5478.210000,5476.630000,5477.840000,"2024-07-25 16:27:00.000000",SPX,2024-07-25
2512839,5477.310000,5478.210000,5476.630000,5477.840000,"2024-07-25 16:27:00.000000",SPX,2024-07-25
2512840,5477.880000,5477.940000,5475.570000,5477.490000,"2024-07-25 16:28:00.000000",SPX,2024-07-25
2512843,5477.880000,5477.940000,5475.570000,5477.490000,"2024-07-25 16:28:00.000000",SPX,2024-07-25
2512844,5477.220000,5479.630000,5476.940000,5478.860000,"2024-07-25 16:29:00.000000",SPX,2024-07-25
2512847,5477.220000,5479.630000,5476.940000,5478.860000,"2024-07-25 16:29:00.000000",SPX,2024-07-25
2512848,5478.930000,5478.950000,5475.580000,5475.770000,"2024-07-25 16:30:00.000000",SPX,2024-07-25
2512851,5478.930000,5478.950000,5475.580000,5475.770000,"2024-07-25 16:30:00.000000",SPX,2024-07-25
2512852,5475.720000,5476.760000,5473.910000,5476.760000,"2024-07-25 16:31:00.000000",SPX,2024-07-25
2512855,5475.720000,5476.760000,5473.910000,5476.760000,"2024-07-25 16:31:00.000000",SPX,2024-07-25
2512856,5476.680000,5480.710000,5475.950000,5480.140000,"2024-07-25 16:32:00.000000",SPX,2024-07-25
2512859,5476.680000,5480.710000,5475.950000,5480.140000,"2024-07-25 16:32:00.000000",SPX,2024-07-25
2512860,5479.740000,5480.750000,5478.230000,5478.860000,"2024-07-25 16:33:00.000000",SPX,2024-07-25
2512863,5479.740000,5480.750000,5478.230000,5478.860000,"2024-07-25 16:33:00.000000",SPX,2024-07-25
2512864,5478.880000,5479.580000,5477.790000,5479.580000,"2024-07-25 16:34:00.000000",SPX,2024-07-25
2512867,5478.880000,5479.580000,5477.790000,5479.580000,"2024-07-25 16:34:00.000000",SPX,2024-07-25
2512868,5479.760000,5479.850000,5477.260000,5477.600000,"2024-07-25 16:35:00.000000",SPX,2024-07-25
2512871,5479.760000,5479.850000,5477.260000,5477.600000,"2024-07-25 16:35:00.000000",SPX,2024-07-25
2512872,5477.590000,5478.830000,5476.870000,5478.670000,"2024-07-25 16:36:00.000000",SPX,2024-07-25
2512875,5477.590000,5478.830000,5476.870000,5478.670000,"2024-07-25 16:36:00.000000",SPX,2024-07-25
2512876,5478.650000,5478.710000,5476.540000,5477.740000,"2024-07-25 16:37:00.000000",SPX,2024-07-25
2512879,5478.650000,5478.710000,5476.540000,5477.740000,"2024-07-25 16:37:00.000000",SPX,2024-07-25
2512880,5477.550000,5479.470000,5477.270000,5478.590000,"2024-07-25 16:38:00.000000",SPX,2024-07-25
2512883,5477.550000,5479.470000,5477.270000,5478.590000,"2024-07-25 16:38:00.000000",SPX,2024-07-25
2512884,5478.550000,5479.300000,5477.640000,5479.120000,"2024-07-25 16:39:00.000000",SPX,2024-07-25
2512887,5478.550000,5479.300000,5477.640000,5479.120000,"2024-07-25 16:39:00.000000",SPX,2024-07-25
2512888,5479.170000,5481.630000,5478.990000,5480.800000,"2024-07-25 16:40:00.000000",SPX,2024-07-25
2512891,5479.170000,5481.630000,5478.990000,5480.800000,"2024-07-25 16:40:00.000000",SPX,2024-07-25
2512892,5480.870000,5483.610000,5480.620000,5483.170000,"2024-07-25 16:41:00.000000",SPX,2024-07-25
2512895,5480.870000,5483.610000,5480.620000,5483.170000,"2024-07-25 16:41:00.000000",SPX,2024-07-25
2512896,5483.290000,5483.290000,5480.130000,5482.720000,"2024-07-25 16:42:00.000000",SPX,2024-07-25
2512899,5483.290000,5483.290000,5480.130000,5482.720000,"2024-07-25 16:42:00.000000",SPX,2024-07-25
2512900,5482.670000,5483.390000,5481.650000,5482.700000,"2024-07-25 16:43:00.000000",SPX,2024-07-25
2512903,5482.670000,5483.390000,5481.650000,5482.700000,"2024-07-25 16:43:00.000000",SPX,2024-07-25
2512904,5482.730000,5482.820000,5480.670000,5482.110000,"2024-07-25 16:44:00.000000",SPX,2024-07-25
2512907,5482.730000,5482.820000,5480.670000,5482.110000,"2024-07-25 16:44:00.000000",SPX,2024-07-25
2512908,5482.200000,5482.710000,5481.360000,5482.710000,"2024-07-25 16:45:00.000000",SPX,2024-07-25
2512911,5482.200000,5482.710000,5481.360000,5482.710000,"2024-07-25 16:45:00.000000",SPX,2024-07-25
2512912,5482.760000,5483.390000,5480.020000,5480.430000,"2024-07-25 16:46:00.000000",SPX,2024-07-25
2512915,5482.760000,5483.390000,5480.020000,5480.430000,"2024-07-25 16:46:00.000000",SPX,2024-07-25
2512916,5480.340000,5481.500000,5478.250000,5478.570000,"2024-07-25 16:47:00.000000",SPX,2024-07-25
2512919,5480.340000,5481.500000,5478.250000,5478.570000,"2024-07-25 16:47:00.000000",SPX,2024-07-25
2512920,5477.910000,5478.040000,5474.660000,5475.840000,"2024-07-25 16:48:00.000000",SPX,2024-07-25
2512923,5477.910000,5478.040000,5474.660000,5475.840000,"2024-07-25 16:48:00.000000",SPX,2024-07-25
2512924,5475.800000,5476.130000,5474.020000,5475.930000,"2024-07-25 16:49:00.000000",SPX,2024-07-25
2512927,5475.800000,5476.130000,5474.020000,5475.930000,"2024-07-25 16:49:00.000000",SPX,2024-07-25
2512928,5476.040000,5478.040000,5475.210000,5477.100000,"2024-07-25 16:50:00.000000",SPX,2024-07-25
2512931,5476.040000,5478.040000,5475.210000,5477.100000,"2024-07-25 16:50:00.000000",SPX,2024-07-25
2512932,5476.990000,5477.150000,5473.130000,5473.130000,"2024-07-25 16:51:00.000000",SPX,2024-07-25
2512935,5476.990000,5477.150000,5473.130000,5473.130000,"2024-07-25 16:51:00.000000",SPX,2024-07-25
2512936,5473.240000,5475.370000,5473.210000,5474.770000,"2024-07-25 16:52:00.000000",SPX,2024-07-25
2512939,5473.240000,5475.370000,5473.210000,5474.770000,"2024-07-25 16:52:00.000000",SPX,2024-07-25
2512940,5474.940000,5476.170000,5474.400000,5474.400000,"2024-07-25 16:53:00.000000",SPX,2024-07-25
2512943,5474.940000,5476.170000,5474.400000,5474.400000,"2024-07-25 16:53:00.000000",SPX,2024-07-25
2512944,5473.860000,5474.930000,5473.510000,5474.930000,"2024-07-25 16:54:00.000000",SPX,2024-07-25
2512947,5473.860000,5474.930000,5473.510000,5474.930000,"2024-07-25 16:54:00.000000",SPX,2024-07-25
2512948,5475.020000,5476.760000,5474.690000,5476.760000,"2024-07-25 16:55:00.000000",SPX,2024-07-25
2512951,5475.020000,5476.760000,5474.690000,5476.760000,"2024-07-25 16:55:00.000000",SPX,2024-07-25
2512952,5477.030000,5478.200000,5476.700000,5477.730000,"2024-07-25 16:56:00.000000",SPX,2024-07-25
2512955,5477.030000,5478.200000,5476.700000,5477.730000,"2024-07-25 16:56:00.000000",SPX,2024-07-25
2512956,5477.740000,5480.100000,5477.620000,5479.390000,"2024-07-25 16:57:00.000000",SPX,2024-07-25
2512959,5477.740000,5480.100000,5477.620000,5479.390000,"2024-07-25 16:57:00.000000",SPX,2024-07-25
2512960,5479.400000,5479.750000,5477.720000,5478.090000,"2024-07-25 16:58:00.000000",SPX,2024-07-25
2512963,5479.400000,5479.750000,5477.720000,5478.090000,"2024-07-25 16:58:00.000000",SPX,2024-07-25
2512965,5479.400000,5479.750000,5477.720000,5478.090000,"2024-07-25 16:58:00.000000",SPX,2024-07-25
2512966,5478.230000,5478.670000,5477.580000,5478.440000,"2024-07-25 16:59:00.000000",SPX,2024-07-25
2512969,5478.230000,5478.670000,5477.580000,5478.440000,"2024-07-25 16:59:00.000000",SPX,2024-07-25
2512970,5478.670000,5479.780000,5477.170000,5478.770000,"2024-07-25 17:00:00.000000",SPX,2024-07-25
2512973,5478.670000,5479.780000,5477.170000,5478.770000,"2024-07-25 17:00:00.000000",SPX,2024-07-25
2512974,5478.800000,5481.320000,5478.770000,5481.320000,"2024-07-25 17:01:00.000000",SPX,2024-07-25
2512977,5478.800000,5481.320000,5478.770000,5481.320000,"2024-07-25 17:01:00.000000",SPX,2024-07-25
2512978,5481.330000,5484.580000,5480.490000,5484.500000,"2024-07-25 17:02:00.000000",SPX,2024-07-25
2512981,5481.330000,5484.580000,5480.490000,5484.500000,"2024-07-25 17:02:00.000000",SPX,2024-07-25
2512982,5484.520000,5487.850000,5484.440000,5487.850000,"2024-07-25 17:03:00.000000",SPX,2024-07-25
2512985,5484.520000,5487.850000,5484.440000,5487.850000,"2024-07-25 17:03:00.000000",SPX,2024-07-25
2512986,5487.730000,5488.040000,5484.510000,5484.510000,"2024-07-25 17:04:00.000000",SPX,2024-07-25
2512989,5487.730000,5488.040000,5484.510000,5484.510000,"2024-07-25 17:04:00.000000",SPX,2024-07-25
2512990,5484.490000,5485.720000,5482.470000,5484.820000,"2024-07-25 17:05:00.000000",SPX,2024-07-25
2512993,5484.490000,5485.720000,5482.470000,5484.820000,"2024-07-25 17:05:00.000000",SPX,2024-07-25
2512994,5484.730000,5487.010000,5484.730000,5486.870000,"2024-07-25 17:06:00.000000",SPX,2024-07-25
2512997,5484.730000,5487.010000,5484.730000,5486.870000,"2024-07-25 17:06:00.000000",SPX,2024-07-25
2512998,5486.980000,5487.220000,5485.640000,5485.680000,"2024-07-25 17:07:00.000000",SPX,2024-07-25
2513001,5486.980000,5487.220000,5485.640000,5485.680000,"2024-07-25 17:07:00.000000",SPX,2024-07-25
2513002,5485.610000,5488.460000,5485.610000,5488.230000,"2024-07-25 17:08:00.000000",SPX,2024-07-25
2513005,5485.610000,5488.460000,5485.610000,5488.230000,"2024-07-25 17:08:00.000000",SPX,2024-07-25
2513006,5488.190000,5489.400000,5487.910000,5488.900000,"2024-07-25 17:09:00.000000",SPX,2024-07-25
2513009,5488.190000,5489.400000,5487.910000,5488.900000,"2024-07-25 17:09:00.000000",SPX,2024-07-25
2513010,5489.000000,5491.590000,5488.800000,5491.290000,"2024-07-25 17:10:00.000000",SPX,2024-07-25
2513013,5489.000000,5491.590000,5488.800000,5491.290000,"2024-07-25 17:10:00.000000",SPX,2024-07-25
2513014,5491.130000,5491.130000,5486.140000,5486.300000,"2024-07-25 17:11:00.000000",SPX,2024-07-25
2513017,5491.130000,5491.130000,5486.140000,5486.300000,"2024-07-25 17:11:00.000000",SPX,2024-07-25
2513018,5486.290000,5487.600000,5485.650000,5487.130000,"2024-07-25 17:12:00.000000",SPX,2024-07-25
2513021,5486.290000,5487.600000,5485.650000,5487.130000,"2024-07-25 17:12:00.000000",SPX,2024-07-25
2513022,5487.310000,5487.710000,5484.310000,5484.690000,"2024-07-25 17:13:00.000000",SPX,2024-07-25
2513025,5487.310000,5487.710000,5484.310000,5484.690000,"2024-07-25 17:13:00.000000",SPX,2024-07-25
2513026,5484.410000,5484.410000,5480.880000,5481.930000,"2024-07-25 17:14:00.000000",SPX,2024-07-25
2513029,5484.410000,5484.410000,5480.880000,5481.930000,"2024-07-25 17:14:00.000000",SPX,2024-07-25
2513030,5481.870000,5482.500000,5476.200000,5476.600000,"2024-07-25 17:15:00.000000",SPX,2024-07-25
2513033,5481.870000,5482.500000,5476.200000,5476.600000,"2024-07-25 17:15:00.000000",SPX,2024-07-25
2513034,5476.460000,5478.440000,5475.770000,5477.900000,"2024-07-25 17:16:00.000000",SPX,2024-07-25
2513037,5476.460000,5478.440000,5475.770000,5477.900000,"2024-07-25 17:16:00.000000",SPX,2024-07-25
2513038,5478.160000,5478.610000,5475.650000,5475.950000,"2024-07-25 17:17:00.000000",SPX,2024-07-25
2513041,5478.160000,5478.610000,5475.650000,5475.950000,"2024-07-25 17:17:00.000000",SPX,2024-07-25
2513042,5475.880000,5475.900000,5471.630000,5471.830000,"2024-07-25 17:18:00.000000",SPX,2024-07-25
2513045,5475.880000,5475.900000,5471.630000,5471.830000,"2024-07-25 17:18:00.000000",SPX,2024-07-25
2513046,5471.840000,5474.580000,5471.840000,5472.680000,"2024-07-25 17:19:00.000000",SPX,2024-07-25
2513049,5471.840000,5474.580000,5471.840000,5472.680000,"2024-07-25 17:19:00.000000",SPX,2024-07-25
2513050,5472.660000,5475.070000,5472.360000,5472.780000,"2024-07-25 17:20:00.000000",SPX,2024-07-25
2513053,5472.660000,5475.070000,5472.360000,5472.780000,"2024-07-25 17:20:00.000000",SPX,2024-07-25
2513054,5472.840000,5474.220000,5471.550000,5473.020000,"2024-07-25 17:21:00.000000",SPX,2024-07-25
2513057,5472.840000,5474.220000,5471.550000,5473.020000,"2024-07-25 17:21:00.000000",SPX,2024-07-25
2513058,5473.140000,5473.140000,5469.720000,5470.140000,"2024-07-25 17:22:00.000000",SPX,2024-07-25
2513061,5473.140000,5473.140000,5469.720000,5470.140000,"2024-07-25 17:22:00.000000",SPX,2024-07-25
2513062,5470.260000,5470.620000,5466.970000,5466.970000,"2024-07-25 17:23:00.000000",SPX,2024-07-25
2513065,5470.260000,5470.620000,5466.970000,5466.970000,"2024-07-25 17:23:00.000000",SPX,2024-07-25
2513066,5466.480000,5466.700000,5463.130000,5463.730000,"2024-07-25 17:24:00.000000",SPX,2024-07-25
2513069,5466.480000,5466.700000,5463.130000,5463.730000,"2024-07-25 17:24:00.000000",SPX,2024-07-25
2513070,5463.690000,5466.700000,5463.690000,5465.690000,"2024-07-25 17:25:00.000000",SPX,2024-07-25
2513073,5463.690000,5466.700000,5463.690000,5465.690000,"2024-07-25 17:25:00.000000",SPX,2024-07-25
2513074,5465.620000,5466.600000,5465.060000,5466.150000,"2024-07-25 17:26:00.000000",SPX,2024-07-25
2513077,5465.620000,5466.600000,5465.060000,5466.150000,"2024-07-25 17:26:00.000000",SPX,2024-07-25
2513078,5466.180000,5468.510000,5465.780000,5467.530000,"2024-07-25 17:27:00.000000",SPX,2024-07-25
2513081,5466.180000,5468.510000,5465.780000,5467.530000,"2024-07-25 17:27:00.000000",SPX,2024-07-25
2513082,5467.490000,5467.490000,5462.450000,5462.600000,"2024-07-25 17:28:00.000000",SPX,2024-07-25
2513085,5467.490000,5467.490000,5462.450000,5462.600000,"2024-07-25 17:28:00.000000",SPX,2024-07-25
2513086,5462.930000,5465.190000,5462.930000,5464.440000,"2024-07-25 17:29:00.000000",SPX,2024-07-25
2513089,5462.930000,5465.190000,5462.930000,5464.440000,"2024-07-25 17:29:00.000000",SPX,2024-07-25
2513090,5464.320000,5465.980000,5463.620000,5465.390000,"2024-07-25 17:30:00.000000",SPX,2024-07-25
2513093,5464.320000,5465.980000,5463.620000,5465.390000,"2024-07-25 17:30:00.000000",SPX,2024-07-25
2513094,5465.280000,5466.170000,5464.420000,5464.420000,"2024-07-25 17:31:00.000000",SPX,2024-07-25
2513097,5465.280000,5466.170000,5464.420000,5464.420000,"2024-07-25 17:31:00.000000",SPX,2024-07-25
2513098,5464.380000,5464.840000,5462.370000,5462.740000,"2024-07-25 17:32:00.000000",SPX,2024-07-25
2513101,5464.380000,5464.840000,5462.370000,5462.740000,"2024-07-25 17:32:00.000000",SPX,2024-07-25
2513102,5462.700000,5462.990000,5461.590000,5461.850000,"2024-07-25 17:33:00.000000",SPX,2024-07-25
2513105,5462.700000,5462.990000,5461.590000,5461.850000,"2024-07-25 17:33:00.000000",SPX,2024-07-25
2513106,5461.740000,5464.030000,5460.580000,5463.520000,"2024-07-25 17:34:00.000000",SPX,2024-07-25
2513109,5461.740000,5464.030000,5460.580000,5463.520000,"2024-07-25 17:34:00.000000",SPX,2024-07-25
2513110,5463.440000,5464.240000,5461.640000,5463.890000,"2024-07-25 17:35:00.000000",SPX,2024-07-25
2513113,5463.440000,5464.240000,5461.640000,5463.890000,"2024-07-25 17:35:00.000000",SPX,2024-07-25
2513114,5463.750000,5464.470000,5462.100000,5463.660000,"2024-07-25 17:36:00.000000",SPX,2024-07-25
2513117,5463.750000,5464.470000,5462.100000,5463.660000,"2024-07-25 17:36:00.000000",SPX,2024-07-25
2513118,5463.640000,5464.770000,5462.920000,5464.670000,"2024-07-25 17:37:00.000000",SPX,2024-07-25
2513121,5463.640000,5464.770000,5462.920000,5464.670000,"2024-07-25 17:37:00.000000",SPX,2024-07-25
2513122,5464.660000,5466.140000,5463.930000,5465.870000,"2024-07-25 17:38:00.000000",SPX,2024-07-25
2513125,5464.660000,5466.140000,5463.930000,5465.870000,"2024-07-25 17:38:00.000000",SPX,2024-07-25
2513126,5465.540000,5465.980000,5464.090000,5465.650000,"2024-07-25 17:39:00.000000",SPX,2024-07-25
2513129,5465.540000,5465.980000,5464.090000,5465.650000,"2024-07-25 17:39:00.000000",SPX,2024-07-25
2513130,5465.560000,5468.010000,5465.010000,5467.770000,"2024-07-25 17:40:00.000000",SPX,2024-07-25
2513133,5465.560000,5468.010000,5465.010000,5467.770000,"2024-07-25 17:40:00.000000",SPX,2024-07-25
2513134,5467.810000,5468.350000,5466.630000,5467.270000,"2024-07-25 17:41:00.000000",SPX,2024-07-25
2513137,5467.810000,5468.350000,5466.630000,5467.270000,"2024-07-25 17:41:00.000000",SPX,2024-07-25
2513138,5467.330000,5467.330000,5465.260000,5466.270000,"2024-07-25 17:42:00.000000",SPX,2024-07-25
2513141,5467.330000,5467.330000,5465.260000,5466.270000,"2024-07-25 17:42:00.000000",SPX,2024-07-25
2513142,5466.370000,5466.550000,5464.750000,5465.650000,"2024-07-25 17:43:00.000000",SPX,2024-07-25
2513145,5466.370000,5466.550000,5464.750000,5465.650000,"2024-07-25 17:43:00.000000",SPX,2024-07-25
2513146,5465.390000,5467.460000,5465.390000,5466.760000,"2024-07-25 17:44:00.000000",SPX,2024-07-25
2513149,5465.390000,5467.460000,5465.390000,5466.760000,"2024-07-25 17:44:00.000000",SPX,2024-07-25
2513150,5466.840000,5467.630000,5462.880000,5463.120000,"2024-07-25 17:45:00.000000",SPX,2024-07-25
2513153,5466.840000,5467.630000,5462.880000,5463.120000,"2024-07-25 17:45:00.000000",SPX,2024-07-25
2513154,5463.150000,5463.350000,5459.500000,5460.590000,"2024-07-25 17:46:00.000000",SPX,2024-07-25
2513157,5463.150000,5463.350000,5459.500000,5460.590000,"2024-07-25 17:46:00.000000",SPX,2024-07-25
2513158,5460.560000,5462.580000,5460.190000,5461.440000,"2024-07-25 17:47:00.000000",SPX,2024-07-25
2513161,5460.560000,5462.580000,5460.190000,5461.440000,"2024-07-25 17:47:00.000000",SPX,2024-07-25
2513162,5461.430000,5463.070000,5460.660000,5463.030000,"2024-07-25 17:48:00.000000",SPX,2024-07-25
2513165,5461.430000,5463.070000,5460.660000,5463.030000,"2024-07-25 17:48:00.000000",SPX,2024-07-25
2513166,5463.100000,5463.750000,5461.890000,5462.130000,"2024-07-25 17:49:00.000000",SPX,2024-07-25
2513169,5463.100000,5463.750000,5461.890000,5462.130000,"2024-07-25 17:49:00.000000",SPX,2024-07-25
2513170,5462.030000,5462.030000,5458.890000,5459.160000,"2024-07-25 17:50:00.000000",SPX,2024-07-25
2513173,5462.030000,5462.030000,5458.890000,5459.160000,"2024-07-25 17:50:00.000000",SPX,2024-07-25
2513174,5459.070000,5462.540000,5458.810000,5460.770000,"2024-07-25 17:51:00.000000",SPX,2024-07-25
2513177,5459.070000,5462.540000,5458.810000,5460.770000,"2024-07-25 17:51:00.000000",SPX,2024-07-25
2513178,5460.890000,5463.110000,5460.180000,5461.990000,"2024-07-25 17:52:00.000000",SPX,2024-07-25
2513181,5460.890000,5463.110000,5460.180000,5461.990000,"2024-07-25 17:52:00.000000",SPX,2024-07-25
2513182,5461.980000,5462.170000,5460.900000,5461.170000,"2024-07-25 17:53:00.000000",SPX,2024-07-25
2513185,5461.980000,5462.170000,5460.900000,5461.170000,"2024-07-25 17:53:00.000000",SPX,2024-07-25
2513186,5461.140000,5461.620000,5460.330000,5460.780000,"2024-07-25 17:54:00.000000",SPX,2024-07-25
2513189,5461.140000,5461.620000,5460.330000,5460.780000,"2024-07-25 17:54:00.000000",SPX,2024-07-25
2513190,5460.750000,5460.760000,5459.140000,5459.890000,"2024-07-25 17:55:00.000000",SPX,2024-07-25
2513193,5460.750000,5460.760000,5459.140000,5459.890000,"2024-07-25 17:55:00.000000",SPX,2024-07-25
2513194,5459.850000,5460.990000,5458.950000,5460.810000,"2024-07-25 17:56:00.000000",SPX,2024-07-25
2513197,5459.850000,5460.990000,5458.950000,5460.810000,"2024-07-25 17:56:00.000000",SPX,2024-07-25
2513198,5460.790000,5461.930000,5459.740000,5461.930000,"2024-07-25 17:57:00.000000",SPX,2024-07-25
2513201,5460.790000,5461.930000,5459.740000,5461.930000,"2024-07-25 17:57:00.000000",SPX,2024-07-25
2513202,5462.100000,5465.770000,5462.040000,5465.630000,"2024-07-25 17:58:00.000000",SPX,2024-07-25
2513205,5462.100000,5465.770000,5462.040000,5465.630000,"2024-07-25 17:58:00.000000",SPX,2024-07-25
2513207,5462.100000,5465.770000,5462.040000,5465.630000,"2024-07-25 17:58:00.000000",SPX,2024-07-25
2513208,5465.550000,5465.550000,5463.180000,5463.520000,"2024-07-25 17:59:00.000000",SPX,2024-07-25
2513211,5465.550000,5465.550000,5463.180000,5463.520000,"2024-07-25 17:59:00.000000",SPX,2024-07-25
2513212,5463.610000,5463.830000,5459.840000,5459.840000,"2024-07-25 18:00:00.000000",SPX,2024-07-25
2513215,5463.610000,5463.830000,5459.840000,5459.840000,"2024-07-25 18:00:00.000000",SPX,2024-07-25
2513216,5460.310000,5460.940000,5459.050000,5459.050000,"2024-07-25 18:01:00.000000",SPX,2024-07-25
2513219,5460.310000,5460.940000,5459.050000,5459.050000,"2024-07-25 18:01:00.000000",SPX,2024-07-25
2513220,5458.970000,5459.430000,5457.860000,5458.710000,"2024-07-25 18:02:00.000000",SPX,2024-07-25
2513223,5458.970000,5459.430000,5457.860000,5458.710000,"2024-07-25 18:02:00.000000",SPX,2024-07-25
2513224,5458.730000,5460.190000,5457.380000,5458.630000,"2024-07-25 18:03:00.000000",SPX,2024-07-25
2513227,5458.730000,5460.190000,5457.380000,5458.630000,"2024-07-25 18:03:00.000000",SPX,2024-07-25
2513228,5458.480000,5458.480000,5454.860000,5455.230000,"2024-07-25 18:04:00.000000",SPX,2024-07-25
2513231,5458.480000,5458.480000,5454.860000,5455.230000,"2024-07-25 18:04:00.000000",SPX,2024-07-25
2513232,5455.260000,5455.590000,5452.020000,5454.040000,"2024-07-25 18:05:00.000000",SPX,2024-07-25
2513235,5455.260000,5455.590000,5452.020000,5454.040000,"2024-07-25 18:05:00.000000",SPX,2024-07-25
2513236,5454.090000,5456.650000,5454.090000,5454.660000,"2024-07-25 18:06:00.000000",SPX,2024-07-25
2513239,5454.090000,5456.650000,5454.090000,5454.660000,"2024-07-25 18:06:00.000000",SPX,2024-07-25
2513240,5454.510000,5456.200000,5454.290000,5456.180000,"2024-07-25 18:07:00.000000",SPX,2024-07-25
2513243,5454.510000,5456.200000,5454.290000,5456.180000,"2024-07-25 18:07:00.000000",SPX,2024-07-25
2513244,5456.110000,5456.110000,5452.660000,5453.040000,"2024-07-25 18:08:00.000000",SPX,2024-07-25
2513247,5456.110000,5456.110000,5452.660000,5453.040000,"2024-07-25 18:08:00.000000",SPX,2024-07-25
2513248,5453.050000,5453.300000,5449.690000,5449.890000,"2024-07-25 18:09:00.000000",SPX,2024-07-25
2513251,5453.050000,5453.300000,5449.690000,5449.890000,"2024-07-25 18:09:00.000000",SPX,2024-07-25
2513252,5449.960000,5451.280000,5448.930000,5448.960000,"2024-07-25 18:10:00.000000",SPX,2024-07-25
2513255,5449.960000,5451.280000,5448.930000,5448.960000,"2024-07-25 18:10:00.000000",SPX,2024-07-25
2513256,5449.490000,5450.160000,5448.210000,5449.150000,"2024-07-25 18:11:00.000000",SPX,2024-07-25
2513259,5449.490000,5450.160000,5448.210000,5449.150000,"2024-07-25 18:11:00.000000",SPX,2024-07-25
2513260,5449.120000,5452.240000,5449.120000,5452.060000,"2024-07-25 18:12:00.000000",SPX,2024-07-25
2513263,5449.120000,5452.240000,5449.120000,5452.060000,"2024-07-25 18:12:00.000000",SPX,2024-07-25
2513264,5452.160000,5452.930000,5450.150000,5450.150000,"2024-07-25 18:13:00.000000",SPX,2024-07-25
2513267,5452.160000,5452.930000,5450.150000,5450.150000,"2024-07-25 18:13:00.000000",SPX,2024-07-25
2513268,5450.160000,5450.770000,5449.530000,5449.840000,"2024-07-25 18:14:00.000000",SPX,2024-07-25
2513271,5450.160000,5450.770000,5449.530000,5449.840000,"2024-07-25 18:14:00.000000",SPX,2024-07-25
2513272,5450.060000,5451.110000,5449.130000,5449.710000,"2024-07-25 18:15:00.000000",SPX,2024-07-25
2513275,5450.060000,5451.110000,5449.130000,5449.710000,"2024-07-25 18:15:00.000000",SPX,2024-07-25
2513276,5449.670000,5450.270000,5448.540000,5450.270000,"2024-07-25 18:16:00.000000",SPX,2024-07-25
2513279,5449.670000,5450.270000,5448.540000,5450.270000,"2024-07-25 18:16:00.000000",SPX,2024-07-25
2513280,5450.490000,5450.810000,5449.070000,5449.340000,"2024-07-25 18:17:00.000000",SPX,2024-07-25
2513283,5450.490000,5450.810000,5449.070000,5449.340000,"2024-07-25 18:17:00.000000",SPX,2024-07-25
2513284,5449.260000,5449.400000,5448.310000,5448.870000,"2024-07-25 18:18:00.000000",SPX,2024-07-25
2513287,5449.260000,5449.400000,5448.310000,5448.870000,"2024-07-25 18:18:00.000000",SPX,2024-07-25
2513288,5448.820000,5450.470000,5447.380000,5450.150000,"2024-07-25 18:19:00.000000",SPX,2024-07-25
2513291,5448.820000,5450.470000,5447.380000,5450.150000,"2024-07-25 18:19:00.000000",SPX,2024-07-25
2513292,5450.140000,5450.270000,5447.990000,5448.690000,"2024-07-25 18:20:00.000000",SPX,2024-07-25
2513295,5450.140000,5450.270000,5447.990000,5448.690000,"2024-07-25 18:20:00.000000",SPX,2024-07-25
2513296,5448.550000,5448.740000,5446.150000,5446.450000,"2024-07-25 18:21:00.000000",SPX,2024-07-25
2513299,5448.550000,5448.740000,5446.150000,5446.450000,"2024-07-25 18:21:00.000000",SPX,2024-07-25
2513300,5446.520000,5447.930000,5446.520000,5447.530000,"2024-07-25 18:22:00.000000",SPX,2024-07-25
2513303,5446.520000,5447.930000,5446.520000,5447.530000,"2024-07-25 18:22:00.000000",SPX,2024-07-25
2513304,5447.640000,5447.640000,5443.700000,5444.500000,"2024-07-25 18:23:00.000000",SPX,2024-07-25
2513307,5447.640000,5447.640000,5443.700000,5444.500000,"2024-07-25 18:23:00.000000",SPX,2024-07-25
2513308,5444.580000,5446.150000,5442.670000,5442.840000,"2024-07-25 18:24:00.000000",SPX,2024-07-25
2513311,5444.580000,5446.150000,5442.670000,5442.840000,"2024-07-25 18:24:00.000000",SPX,2024-07-25
2513312,5442.930000,5447.460000,5442.880000,5447.390000,"2024-07-25 18:25:00.000000",SPX,2024-07-25
2513315,5442.930000,5447.460000,5442.880000,5447.390000,"2024-07-25 18:25:00.000000",SPX,2024-07-25
2513316,5447.480000,5450.030000,5447.480000,5449.170000,"2024-07-25 18:26:00.000000",SPX,2024-07-25
2513319,5447.480000,5450.030000,5447.480000,5449.170000,"2024-07-25 18:26:00.000000",SPX,2024-07-25
2513320,5449.330000,5449.430000,5446.840000,5448.650000,"2024-07-25 18:27:00.000000",SPX,2024-07-25
2513323,5449.330000,5449.430000,5446.840000,5448.650000,"2024-07-25 18:27:00.000000",SPX,2024-07-25
2513324,5448.420000,5448.960000,5446.560000,5446.890000,"2024-07-25 18:28:00.000000",SPX,2024-07-25
2513327,5448.420000,5448.960000,5446.560000,5446.890000,"2024-07-25 18:28:00.000000",SPX,2024-07-25
2513328,5446.940000,5446.940000,5445.390000,5446.770000,"2024-07-25 18:29:00.000000",SPX,2024-07-25
2513331,5446.940000,5446.940000,5445.390000,5446.770000,"2024-07-25 18:29:00.000000",SPX,2024-07-25
2513332,5446.670000,5449.810000,5446.170000,5449.330000,"2024-07-25 18:30:00.000000",SPX,2024-07-25
2513335,5446.670000,5449.810000,5446.170000,5449.330000,"2024-07-25 18:30:00.000000",SPX,2024-07-25
2513336,5449.200000,5450.940000,5448.740000,5449.950000,"2024-07-25 18:31:00.000000",SPX,2024-07-25
2513339,5449.200000,5450.940000,5448.740000,5449.950000,"2024-07-25 18:31:00.000000",SPX,2024-07-25
2513340,5450.020000,5450.630000,5449.390000,5449.390000,"2024-07-25 18:32:00.000000",SPX,2024-07-25
2513343,5450.020000,5450.630000,5449.390000,5449.390000,"2024-07-25 18:32:00.000000",SPX,2024-07-25
2513344,5449.370000,5450.760000,5449.370000,5450.760000,"2024-07-25 18:33:00.000000",SPX,2024-07-25
2513347,5449.370000,5450.760000,5449.370000,5450.760000,"2024-07-25 18:33:00.000000",SPX,2024-07-25
2513348,5450.750000,5451.560000,5450.200000,5451.540000,"2024-07-25 18:34:00.000000",SPX,2024-07-25
2513351,5450.750000,5451.560000,5450.200000,5451.540000,"2024-07-25 18:34:00.000000",SPX,2024-07-25
2513352,5451.510000,5451.620000,5448.470000,5448.580000,"2024-07-25 18:35:00.000000",SPX,2024-07-25
2513355,5451.510000,5451.620000,5448.470000,5448.580000,"2024-07-25 18:35:00.000000",SPX,2024-07-25
2513356,5448.630000,5448.630000,5445.230000,5445.230000,"2024-07-25 18:36:00.000000",SPX,2024-07-25
2513359,5448.630000,5448.630000,5445.230000,5445.230000,"2024-07-25 18:36:00.000000",SPX,2024-07-25
2513360,5445.090000,5446.800000,5444.770000,5444.770000,"2024-07-25 18:37:00.000000",SPX,2024-07-25
2513363,5445.090000,5446.800000,5444.770000,5444.770000,"2024-07-25 18:37:00.000000",SPX,2024-07-25
2513364,5444.450000,5446.150000,5443.720000,5445.430000,"2024-07-25 18:38:00.000000",SPX,2024-07-25
2513367,5444.450000,5446.150000,5443.720000,5445.430000,"2024-07-25 18:38:00.000000",SPX,2024-07-25
2513368,5445.360000,5446.410000,5445.020000,5446.170000,"2024-07-25 18:39:00.000000",SPX,2024-07-25
2513371,5445.360000,5446.410000,5445.020000,5446.170000,"2024-07-25 18:39:00.000000",SPX,2024-07-25
2513372,5446.100000,5446.480000,5444.450000,5445.710000,"2024-07-25 18:40:00.000000",SPX,2024-07-25
2513375,5446.100000,5446.480000,5444.450000,5445.710000,"2024-07-25 18:40:00.000000",SPX,2024-07-25
2513376,5445.540000,5445.540000,5442.450000,5445.380000,"2024-07-25 18:41:00.000000",SPX,2024-07-25
2513379,5445.540000,5445.540000,5442.450000,5445.380000,"2024-07-25 18:41:00.000000",SPX,2024-07-25
2513380,5445.420000,5445.420000,5442.050000,5442.760000,"2024-07-25 18:42:00.000000",SPX,2024-07-25
2513383,5445.420000,5445.420000,5442.050000,5442.760000,"2024-07-25 18:42:00.000000",SPX,2024-07-25
2513384,5442.780000,5443.130000,5438.970000,5439.270000,"2024-07-25 18:43:00.000000",SPX,2024-07-25
2513387,5442.780000,5443.130000,5438.970000,5439.270000,"2024-07-25 18:43:00.000000",SPX,2024-07-25
2513388,5439.260000,5440.750000,5439.260000,5440.070000,"2024-07-25 18:44:00.000000",SPX,2024-07-25
2513391,5439.260000,5440.750000,5439.260000,5440.070000,"2024-07-25 18:44:00.000000",SPX,2024-07-25
2513392,5439.790000,5439.980000,5437.860000,5438.740000,"2024-07-25 18:45:00.000000",SPX,2024-07-25
2513395,5439.790000,5439.980000,5437.860000,5438.740000,"2024-07-25 18:45:00.000000",SPX,2024-07-25
2513396,5438.790000,5438.790000,5433.310000,5433.810000,"2024-07-25 18:46:00.000000",SPX,2024-07-25
2513399,5438.790000,5438.790000,5433.310000,5433.810000,"2024-07-25 18:46:00.000000",SPX,2024-07-25
2513400,5433.980000,5434.200000,5430.110000,5430.110000,"2024-07-25 18:47:00.000000",SPX,2024-07-25
2513403,5433.980000,5434.200000,5430.110000,5430.110000,"2024-07-25 18:47:00.000000",SPX,2024-07-25
2513404,5430.080000,5432.380000,5428.240000,5428.240000,"2024-07-25 18:48:00.000000",SPX,2024-07-25
2513407,5430.080000,5432.380000,5428.240000,5428.240000,"2024-07-25 18:48:00.000000",SPX,2024-07-25
2513408,5428.210000,5428.850000,5426.620000,5426.680000,"2024-07-25 18:49:00.000000",SPX,2024-07-25
2513411,5428.210000,5428.850000,5426.620000,5426.680000,"2024-07-25 18:49:00.000000",SPX,2024-07-25
2513412,5426.750000,5430.390000,5426.750000,5430.030000,"2024-07-25 18:50:00.000000",SPX,2024-07-25
2513415,5426.750000,5430.390000,5426.750000,5430.030000,"2024-07-25 18:50:00.000000",SPX,2024-07-25
2513416,5429.910000,5430.110000,5426.000000,5428.140000,"2024-07-25 18:51:00.000000",SPX,2024-07-25
2513419,5429.910000,5430.110000,5426.000000,5428.140000,"2024-07-25 18:51:00.000000",SPX,2024-07-25
2513420,5428.110000,5428.950000,5426.210000,5426.220000,"2024-07-25 18:52:00.000000",SPX,2024-07-25
2513423,5428.110000,5428.950000,5426.210000,5426.220000,"2024-07-25 18:52:00.000000",SPX,2024-07-25
2513424,5426.070000,5426.070000,5425.240000,5425.830000,"2024-07-25 18:53:00.000000",SPX,2024-07-25
2513427,5426.070000,5426.070000,5425.240000,5425.830000,"2024-07-25 18:53:00.000000",SPX,2024-07-25
2513428,5425.950000,5426.490000,5422.900000,5423.460000,"2024-07-25 18:54:00.000000",SPX,2024-07-25
2513431,5425.950000,5426.490000,5422.900000,5423.460000,"2024-07-25 18:54:00.000000",SPX,2024-07-25
2513432,5423.410000,5425.440000,5422.670000,5424.340000,"2024-07-25 18:55:00.000000",SPX,2024-07-25
2513435,5423.410000,5425.440000,5422.670000,5424.340000,"2024-07-25 18:55:00.000000",SPX,2024-07-25
2513436,5424.290000,5426.210000,5423.440000,5425.980000,"2024-07-25 18:56:00.000000",SPX,2024-07-25
2513439,5424.290000,5426.210000,5423.440000,5425.980000,"2024-07-25 18:56:00.000000",SPX,2024-07-25
2513440,5426.090000,5429.420000,5426.090000,5427.490000,"2024-07-25 18:57:00.000000",SPX,2024-07-25
2513443,5426.090000,5429.420000,5426.090000,5427.490000,"2024-07-25 18:57:00.000000",SPX,2024-07-25
2513444,5427.200000,5428.740000,5426.810000,5428.620000,"2024-07-25 18:58:00.000000",SPX,2024-07-25
2513447,5427.200000,5428.740000,5426.810000,5428.620000,"2024-07-25 18:58:00.000000",SPX,2024-07-25
2513449,5427.200000,5428.740000,5426.810000,5428.620000,"2024-07-25 18:58:00.000000",SPX,2024-07-25
2513450,5428.550000,5428.590000,5425.490000,5425.660000,"2024-07-25 18:59:00.000000",SPX,2024-07-25
2513453,5428.550000,5428.590000,5425.490000,5425.660000,"2024-07-25 18:59:00.000000",SPX,2024-07-25
2513454,5425.510000,5429.380000,5425.510000,5427.460000,"2024-07-25 19:00:00.000000",SPX,2024-07-25
2513457,5425.510000,5429.380000,5425.510000,5427.460000,"2024-07-25 19:00:00.000000",SPX,2024-07-25
2513458,5427.590000,5432.280000,5427.360000,5432.090000,"2024-07-25 19:01:00.000000",SPX,2024-07-25
2513461,5427.590000,5432.280000,5427.360000,5432.090000,"2024-07-25 19:01:00.000000",SPX,2024-07-25
2513462,5432.310000,5432.820000,5429.750000,5429.940000,"2024-07-25 19:02:00.000000",SPX,2024-07-25
2513465,5432.310000,5432.820000,5429.750000,5429.940000,"2024-07-25 19:02:00.000000",SPX,2024-07-25
2513466,5430.080000,5430.160000,5426.050000,5426.050000,"2024-07-25 19:03:00.000000",SPX,2024-07-25
2513469,5430.080000,5430.160000,5426.050000,5426.050000,"2024-07-25 19:03:00.000000",SPX,2024-07-25
2513470,5426.010000,5427.690000,5425.660000,5427.280000,"2024-07-25 19:04:00.000000",SPX,2024-07-25
2513473,5426.010000,5427.690000,5425.660000,5427.280000,"2024-07-25 19:04:00.000000",SPX,2024-07-25
2513474,5427.300000,5430.100000,5427.300000,5430.040000,"2024-07-25 19:05:00.000000",SPX,2024-07-25
2513477,5427.300000,5430.100000,5427.300000,5430.040000,"2024-07-25 19:05:00.000000",SPX,2024-07-25
2513478,5430.240000,5430.240000,5427.040000,5429.100000,"2024-07-25 19:06:00.000000",SPX,2024-07-25
2513481,5430.240000,5430.240000,5427.040000,5429.100000,"2024-07-25 19:06:00.000000",SPX,2024-07-25
2513482,5429.070000,5430.590000,5428.920000,5428.920000,"2024-07-25 19:07:00.000000",SPX,2024-07-25
2513485,5429.070000,5430.590000,5428.920000,5428.920000,"2024-07-25 19:07:00.000000",SPX,2024-07-25
2513486,5428.880000,5429.480000,5427.050000,5427.110000,"2024-07-25 19:08:00.000000",SPX,2024-07-25
2513489,5428.880000,5429.480000,5427.050000,5427.110000,"2024-07-25 19:08:00.000000",SPX,2024-07-25
2513490,5427.160000,5429.180000,5427.120000,5428.470000,"2024-07-25 19:09:00.000000",SPX,2024-07-25
2513493,5427.160000,5429.180000,5427.120000,5428.470000,"2024-07-25 19:09:00.000000",SPX,2024-07-25
2513494,5428.420000,5428.970000,5426.530000,5427.270000,"2024-07-25 19:10:00.000000",SPX,2024-07-25
2513497,5428.420000,5428.970000,5426.530000,5427.270000,"2024-07-25 19:10:00.000000",SPX,2024-07-25
2513498,5427.170000,5428.180000,5425.450000,5426.860000,"2024-07-25 19:11:00.000000",SPX,2024-07-25
2513501,5427.170000,5428.180000,5425.450000,5426.860000,"2024-07-25 19:11:00.000000",SPX,2024-07-25
2513502,5426.520000,5427.950000,5426.520000,5427.370000,"2024-07-25 19:12:00.000000",SPX,2024-07-25
2513505,5426.520000,5427.950000,5426.520000,5427.370000,"2024-07-25 19:12:00.000000",SPX,2024-07-25
2513506,5427.320000,5430.830000,5426.840000,5430.030000,"2024-07-25 19:13:00.000000",SPX,2024-07-25
2513509,5427.320000,5430.830000,5426.840000,5430.030000,"2024-07-25 19:13:00.000000",SPX,2024-07-25
2513510,5430.110000,5430.370000,5429.260000,5429.400000,"2024-07-25 19:14:00.000000",SPX,2024-07-25
2513513,5430.110000,5430.370000,5429.260000,5429.400000,"2024-07-25 19:14:00.000000",SPX,2024-07-25
2513514,5429.320000,5432.490000,5428.930000,5429.860000,"2024-07-25 19:15:00.000000",SPX,2024-07-25
2513517,5429.320000,5432.490000,5428.930000,5429.860000,"2024-07-25 19:15:00.000000",SPX,2024-07-25
2513518,5429.590000,5430.320000,5427.220000,5427.250000,"2024-07-25 19:16:00.000000",SPX,2024-07-25
2513521,5429.590000,5430.320000,5427.220000,5427.250000,"2024-07-25 19:16:00.000000",SPX,2024-07-25
2513522,5427.560000,5430.700000,5427.560000,5430.700000,"2024-07-25 19:17:00.000000",SPX,2024-07-25
2513525,5427.560000,5430.700000,5427.560000,5430.700000,"2024-07-25 19:17:00.000000",SPX,2024-07-25
2513526,5430.820000,5433.650000,5430.820000,5433.650000,"2024-07-25 19:18:00.000000",SPX,2024-07-25
2513529,5430.820000,5433.650000,5430.820000,5433.650000,"2024-07-25 19:18:00.000000",SPX,2024-07-25
2513530,5433.360000,5433.390000,5430.450000,5433.390000,"2024-07-25 19:19:00.000000",SPX,2024-07-25
2513533,5433.360000,5433.390000,5430.450000,5433.390000,"2024-07-25 19:19:00.000000",SPX,2024-07-25
2513534,5433.440000,5433.850000,5431.910000,5433.420000,"2024-07-25 19:20:00.000000",SPX,2024-07-25
2513537,5433.440000,5433.850000,5431.910000,5433.420000,"2024-07-25 19:20:00.000000",SPX,2024-07-25
2513538,5433.330000,5438.030000,5433.330000,5437.890000,"2024-07-25 19:21:00.000000",SPX,2024-07-25
2513541,5433.330000,5438.030000,5433.330000,5437.890000,"2024-07-25 19:21:00.000000",SPX,2024-07-25
2513542,5437.830000,5441.440000,5437.750000,5440.290000,"2024-07-25 19:22:00.000000",SPX,2024-07-25
2513545,5437.830000,5441.440000,5437.750000,5440.290000,"2024-07-25 19:22:00.000000",SPX,2024-07-25
2513546,5440.480000,5442.660000,5440.160000,5442.660000,"2024-07-25 19:23:00.000000",SPX,2024-07-25
2513549,5440.480000,5442.660000,5440.160000,5442.660000,"2024-07-25 19:23:00.000000",SPX,2024-07-25
2513550,5442.970000,5444.310000,5441.550000,5442.620000,"2024-07-25 19:24:00.000000",SPX,2024-07-25
2513553,5442.970000,5444.310000,5441.550000,5442.620000,"2024-07-25 19:24:00.000000",SPX,2024-07-25
2513554,5442.410000,5444.740000,5442.280000,5444.550000,"2024-07-25 19:25:00.000000",SPX,2024-07-25
2513557,5442.410000,5444.740000,5442.280000,5444.550000,"2024-07-25 19:25:00.000000",SPX,2024-07-25
2513558,5444.750000,5449.400000,5444.750000,5449.400000,"2024-07-25 19:26:00.000000",SPX,2024-07-25
2513561,5444.750000,5449.400000,5444.750000,5449.400000,"2024-07-25 19:26:00.000000",SPX,2024-07-25
2513562,5449.430000,5453.110000,5449.430000,5453.100000,"2024-07-25 19:27:00.000000",SPX,2024-07-25
2513565,5449.430000,5453.110000,5449.430000,5453.100000,"2024-07-25 19:27:00.000000",SPX,2024-07-25
2513566,5452.960000,5453.160000,5449.640000,5450.510000,"2024-07-25 19:28:00.000000",SPX,2024-07-25
2513569,5452.960000,5453.160000,5449.640000,5450.510000,"2024-07-25 19:28:00.000000",SPX,2024-07-25
2513570,5450.520000,5450.520000,5447.500000,5448.590000,"2024-07-25 19:29:00.000000",SPX,2024-07-25
2513573,5450.520000,5450.520000,5447.500000,5448.590000,"2024-07-25 19:29:00.000000",SPX,2024-07-25
2513574,5448.450000,5449.230000,5445.160000,5445.440000,"2024-07-25 19:30:00.000000",SPX,2024-07-25
2513577,5448.450000,5449.230000,5445.160000,5445.440000,"2024-07-25 19:30:00.000000",SPX,2024-07-25
2513578,5445.520000,5448.430000,5445.370000,5447.740000,"2024-07-25 19:31:00.000000",SPX,2024-07-25
2513581,5445.520000,5448.430000,5445.370000,5447.740000,"2024-07-25 19:31:00.000000",SPX,2024-07-25
2513582,5447.610000,5449.360000,5447.090000,5449.000000,"2024-07-25 19:32:00.000000",SPX,2024-07-25
2513585,5447.610000,5449.360000,5447.090000,5449.000000,"2024-07-25 19:32:00.000000",SPX,2024-07-25
2513586,5449.080000,5449.450000,5443.500000,5443.560000,"2024-07-25 19:33:00.000000",SPX,2024-07-25
2513589,5449.080000,5449.450000,5443.500000,5443.560000,"2024-07-25 19:33:00.000000",SPX,2024-07-25
2513590,5443.490000,5444.200000,5441.230000,5442.540000,"2024-07-25 19:34:00.000000",SPX,2024-07-25
2513593,5443.490000,5444.200000,5441.230000,5442.540000,"2024-07-25 19:34:00.000000",SPX,2024-07-25
2513594,5442.670000,5443.460000,5437.370000,5438.160000,"2024-07-25 19:35:00.000000",SPX,2024-07-25
2513597,5442.670000,5443.460000,5437.370000,5438.160000,"2024-07-25 19:35:00.000000",SPX,2024-07-25
2513598,5438.400000,5439.060000,5436.580000,5438.510000,"2024-07-25 19:36:00.000000",SPX,2024-07-25
2513601,5438.400000,5439.060000,5436.580000,5438.510000,"2024-07-25 19:36:00.000000",SPX,2024-07-25
2513602,5438.570000,5438.860000,5435.040000,5435.670000,"2024-07-25 19:37:00.000000",SPX,2024-07-25
2513605,5438.570000,5438.860000,5435.040000,5435.670000,"2024-07-25 19:37:00.000000",SPX,2024-07-25
2513606,5435.510000,5435.860000,5432.720000,5432.720000,"2024-07-25 19:38:00.000000",SPX,2024-07-25
2513609,5435.510000,5435.860000,5432.720000,5432.720000,"2024-07-25 19:38:00.000000",SPX,2024-07-25
2513610,5432.850000,5432.850000,5430.420000,5432.160000,"2024-07-25 19:39:00.000000",SPX,2024-07-25
2513613,5432.850000,5432.850000,5430.420000,5432.160000,"2024-07-25 19:39:00.000000",SPX,2024-07-25
2513614,5432.600000,5432.600000,5428.670000,5432.130000,"2024-07-25 19:40:00.000000",SPX,2024-07-25
2513617,5432.600000,5432.600000,5428.670000,5432.130000,"2024-07-25 19:40:00.000000",SPX,2024-07-25
2513618,5432.210000,5434.050000,5430.130000,5431.080000,"2024-07-25 19:41:00.000000",SPX,2024-07-25
2513621,5432.210000,5434.050000,5430.130000,5431.080000,"2024-07-25 19:41:00.000000",SPX,2024-07-25
2513622,5431.170000,5431.730000,5428.280000,5428.850000,"2024-07-25 19:42:00.000000",SPX,2024-07-25
2513625,5431.170000,5431.730000,5428.280000,5428.850000,"2024-07-25 19:42:00.000000",SPX,2024-07-25
2513626,5428.730000,5429.300000,5427.180000,5428.370000,"2024-07-25 19:43:00.000000",SPX,2024-07-25
2513629,5428.730000,5429.300000,5427.180000,5428.370000,"2024-07-25 19:43:00.000000",SPX,2024-07-25
2513630,5428.140000,5429.350000,5427.050000,5428.410000,"2024-07-25 19:44:00.000000",SPX,2024-07-25
2513633,5428.140000,5429.350000,5427.050000,5428.410000,"2024-07-25 19:44:00.000000",SPX,2024-07-25
2513634,5428.320000,5428.320000,5424.570000,5426.870000,"2024-07-25 19:45:00.000000",SPX,2024-07-25
2513637,5428.320000,5428.320000,5424.570000,5426.870000,"2024-07-25 19:45:00.000000",SPX,2024-07-25
2513638,5426.950000,5426.960000,5422.900000,5423.110000,"2024-07-25 19:46:00.000000",SPX,2024-07-25
2513641,5426.950000,5426.960000,5422.900000,5423.110000,"2024-07-25 19:46:00.000000",SPX,2024-07-25
2513642,5423.020000,5423.020000,5417.690000,5417.880000,"2024-07-25 19:47:00.000000",SPX,2024-07-25
2513645,5423.020000,5423.020000,5417.690000,5417.880000,"2024-07-25 19:47:00.000000",SPX,2024-07-25
2513646,5417.860000,5424.660000,5417.860000,5423.830000,"2024-07-25 19:48:00.000000",SPX,2024-07-25
2513649,5417.860000,5424.660000,5417.860000,5423.830000,"2024-07-25 19:48:00.000000",SPX,2024-07-25
2513650,5423.700000,5428.320000,5423.700000,5427.650000,"2024-07-25 19:49:00.000000",SPX,2024-07-25
2513653,5423.700000,5428.320000,5423.700000,5427.650000,"2024-07-25 19:49:00.000000",SPX,2024-07-25
2513654,5427.640000,5427.640000,5417.720000,5417.720000,"2024-07-25 19:50:00.000000",SPX,2024-07-25
2513657,5427.640000,5427.640000,5417.720000,5417.720000,"2024-07-25 19:50:00.000000",SPX,2024-07-25
2513658,5417.560000,5417.630000,5414.670000,5414.670000,"2024-07-25 19:51:00.000000",SPX,2024-07-25
2513661,5417.560000,5417.630000,5414.670000,5414.670000,"2024-07-25 19:51:00.000000",SPX,2024-07-25
2513662,5414.490000,5417.970000,5413.020000,5417.970000,"2024-07-25 19:52:00.000000",SPX,2024-07-25
2513665,5414.490000,5417.970000,5413.020000,5417.970000,"2024-07-25 19:52:00.000000",SPX,2024-07-25
2513666,5418.030000,5419.900000,5413.800000,5413.840000,"2024-07-25 19:53:00.000000",SPX,2024-07-25
2513669,5418.030000,5419.900000,5413.800000,5413.840000,"2024-07-25 19:53:00.000000",SPX,2024-07-25
2513670,5413.720000,5413.720000,5407.110000,5407.630000,"2024-07-25 19:54:00.000000",SPX,2024-07-25
2513673,5413.720000,5413.720000,5407.110000,5407.630000,"2024-07-25 19:54:00.000000",SPX,2024-07-25
2513674,5407.920000,5408.430000,5402.780000,5407.850000,"2024-07-25 19:55:00.000000",SPX,2024-07-25
2513677,5407.920000,5408.430000,5402.780000,5407.850000,"2024-07-25 19:55:00.000000",SPX,2024-07-25
2513678,5407.490000,5410.540000,5405.210000,5405.610000,"2024-07-25 19:56:00.000000",SPX,2024-07-25
2513681,5407.490000,5410.540000,5405.210000,5405.610000,"2024-07-25 19:56:00.000000",SPX,2024-07-25
2513682,5405.520000,5407.900000,5404.930000,5405.830000,"2024-07-25 19:57:00.000000",SPX,2024-07-25
2513685,5405.520000,5407.900000,5404.930000,5405.830000,"2024-07-25 19:57:00.000000",SPX,2024-07-25
2513686,5405.900000,5406.600000,5402.500000,5402.710000,"2024-07-25 19:58:00.000000",SPX,2024-07-25
2513689,5405.900000,5406.600000,5402.500000,5402.710000,"2024-07-25 19:58:00.000000",SPX,2024-07-25
2513691,5405.900000,5406.600000,5402.500000,5402.710000,"2024-07-25 19:58:00.000000",SPX,2024-07-25
2513692,5402.890000,5403.450000,5397.660000,5399.320000,"2024-07-25 19:59:00.000000",SPX,2024-07-25
2513695,5402.890000,5403.450000,5397.660000,5399.320000,"2024-07-25 19:59:00.000000",SPX,2024-07-25
2513696,5399.610000,5399.840000,5399.280000,5399.280000,"2024-07-25 20:00:00.000000",SPX,2024-07-25
2513699,5399.610000,5399.840000,5399.280000,5399.280000,"2024-07-25 20:00:00.000000",SPX,2024-07-25
2513700,5399.220000,5399.230000,5399.220000,5399.230000,"2024-07-25 20:01:00.000000",SPX,2024-07-25
2513703,5399.220000,5399.230000,5399.220000,5399.230000,"2024-07-25 20:01:00.000000",SPX,2024-07-25
2513704,5399.220000,5399.220000,5399.220000,5399.220000,"2024-07-25 20:02:00.000000",SPX,2024-07-25
2513707,5399.220000,5399.220000,5399.220000,5399.220000,"2024-07-25 20:02:00.000000",SPX,2024-07-25
